customer_id,signup_date,region,customer_status,customer_segment,lifetime_value
6,2024-05-09,south,active,enterprise,1427.04
7,2022-01-14,south,active,premium,1734.24
8,2022-11-15,south,active,standard,509.09
9,2022-07-18,midwest,inactive,enterprise,1459.38
10,2022-03-30,west,churned,standard,4966.92
11,2024-02-15,northeast,churned,premium,4255.55
12,2025-06-20,midwest,churned,standard,3637.63
13,2022-04-04,,inactive,standard,4283.82
14,2022-07-26,,inactive,premium,3196.64
15,2024-01-18,south,inactive,premium,1087.06
16,2023-07-01,northeast,churned,enterprise,897.14
17,2023-05-17,south,inactive,premium,1386.24
18,2025-08-03,south,churned,premium,4222.12
19,2022-04-25,south,active,premium,2035.77
20,2022-05-16,south,churned,enterprise,1607.66
21,2025-09-04,west,inactive,enterprise,2321.32
22,2023-06-27,south,active,enterprise,2828.77
23,2023-06-23,west,churned,premium,1841.88
24,2022-10-11,west,active,standard,4312.46
25,2022-11-10,south,churned,premium,3002.22
26,2024-02-28,west,churned,premium,2669.12
27,2025-02-07,northeast,churned,enterprise,617.03
28,2025-01-04,midwest,churned,premium,602.18
29,2024-06-09,south,inactive,standard,4771.39
30,2023-06-24,south,churned,standard,4359.07
31,2023-09-04,south,active,premium,3824.43
32,2025-01-09,northeast,churned,premium,2468.6
33,2022-08-18,midwest,inactive,standard,336.73
34,2025-03-07,northeast,active,enterprise,2455.65
35,2022-05-22,south,active,enterprise,2402.65
36,2025-01-30,south,inactive,enterprise,4368.54
37,2024-05-16,south,churned,enterprise,3464.84
38,2023-10-01,west,churned,enterprise,1898.43
39,2024-11-25,west,active,standard,1162.25
40,2023-11-24,northeast,churned,enterprise,1189.07
41,2023-03-28,northeast,active,enterprise,3173.96
42,2023-04-14,northeast,active,premium,400.74
43,2023-05-03,midwest,churned,premium,1110.47
44,2022-09-28,west,active,premium,4047.11
45,2023-01-25,northeast,active,enterprise,2183.7
46,2024-05-17,west,inactive,enterprise,318.15
47,2025-08-31,northeast,active,premium,3654.66
48,2022-08-12,south,active,standard,2704.61
49,2022-10-15,west,active,premium,2340.01
50,2022-06-04,west,churned,standard,300.41
51,2025-01-12,northeast,active,standard,873.24
52,2024-09-21,west,active,premium,4517.09
53,2022-12-04,west,active,premium,1362.76
54,2024-07-20,midwest,inactive,enterprise,4788.72
55,2025-02-12,west,active,standard,1518.7
56,2022-04-30,northeast,churned,premium,332.97
57,2025-04-11,west,churned,enterprise,829.29
58,2024-11-06,northeast,active,standard,2995.42
59,2025-10-14,south,inactive,standard,4710.9
60,2025-03-12,south,churned,enterprise,246.72
61,2022-06-17,west,churned,enterprise,2847.87
62,2023-10-10,midwest,active,enterprise,3595.15
63,2023-05-04,midwest,inactive,standard,3374.87
64,2023-09-07,west,inactive,standard,96.11
65,2025-06-26,northeast,active,enterprise,1105.11
66,2023-06-28,south,inactive,standard,4402.39
67,2024-01-27,midwest,active,premium,4177.04
68,2025-12-11,midwest,churned,enterprise,2668.26
69,2025-09-29,midwest,churned,standard,4697.7
70,2022-10-03,midwest,active,standard,3724.96
71,2022-11-15,midwest,inactive,enterprise,1092.62
72,2023-12-04,south,churned,enterprise,4271.92
73,2024-11-01,west,inactive,standard,506.88
74,2024-05-17,midwest,active,standard,1701.1
75,2022-09-25,midwest,active,enterprise,2237.09
76,2025-12-16,west,churned,standard,603.78
77,2025-11-16,south,churned,standard,4181.25
78,2025-04-07,south,inactive,standard,257.05
79,2024-01-17,northeast,inactive,standard,3426.23
80,2025-09-27,northeast,inactive,enterprise,4426.47
81,2024-04-12,south,active,standard,4882.22
82,2022-12-29,west,active,standard,3695.99
83,2023-11-12,west,churned,enterprise,4063.21
84,2023-07-01,south,churned,standard,1943.58
85,2022-03-21,west,active,standard,4092.1
86,2024-07-31,midwest,inactive,standard,1153.47
87,2025-09-13,south,inactive,premium,1429.09
88,2022-05-23,midwest,inactive,enterprise,2571.56
89,2025-10-23,midwest,active,standard,4391.34
90,2023-06-19,south,churned,premium,239.37
91,2025-05-06,west,inactive,enterprise,3942.82
92,2024-06-12,northeast,inactive,enterprise,990.89
93,2022-04-01,west,active,enterprise,4631.6
94,2025-01-07,south,inactive,premium,396.37
95,2025-09-22,midwest,churned,premium,3333.77
96,2022-09-13,midwest,churned,premium,3351.12
97,2023-10-31,west,churned,premium,2794.34
98,2023-01-28,west,churned,premium,3402.72
99,2022-12-23,midwest,inactive,enterprise,4176.94
100,2023-09-15,midwest,active,premium,3939.51
101,2025-05-27,midwest,inactive,premium,2238.69
102,2023-03-14,west,churned,standard,3311.31
103,2023-08-05,midwest,active,standard,3380.34
104,2023-04-06,south,active,standard,278.76
105,2024-08-31,northeast,inactive,premium,4436.38
106,2025-03-24,south,churned,enterprise,1950.69
107,2024-03-29,south,active,enterprise,3453.73
108,2022-08-07,west,active,standard,4030.34
109,2025-11-26,west,active,enterprise,1283.53
110,2022-09-06,west,active,premium,3354.51
111,2025-02-18,midwest,inactive,enterprise,4084.28
112,2024-10-30,west,churned,premium,4491.18
113,2024-08-30,west,inactive,standard,4207.32
114,2023-07-22,west,churned,standard,1409.26
115,2022-06-08,midwest,active,premium,1712.45
116,2025-01-11,northeast,active,standard,1194.74
117,2025-11-22,south,churned,standard,367.93
118,2024-04-14,midwest,churned,premium,2108.08
119,2023-02-28,west,inactive,enterprise,4733.01
120,2022-02-10,west,inactive,standard,4716.57
121,2023-09-04,west,inactive,enterprise,3750.2
122,2025-01-23,south,inactive,standard,1401.03
123,2024-09-21,northeast,inactive,premium,3360.92
124,2024-04-08,south,inactive,standard,4904.57
125,2024-12-29,northeast,inactive,enterprise,2843.74
126,2022-02-25,northeast,churned,premium,721.71
127,2024-08-03,south,active,premium,1926.56
128,2023-03-10,west,inactive,premium,3818.09
129,2024-02-16,midwest,inactive,premium,4182.81
130,2024-08-21,northeast,churned,enterprise,307.82
131,2023-12-18,south,churned,standard,3917.1
132,2025-08-27,northeast,active,standard,1036.84
133,2022-02-11,south,active,standard,2394.13
134,2022-08-23,south,inactive,enterprise,1318.41
135,2024-01-26,south,churned,enterprise,4820.49
136,2022-08-23,south,inactive,standard,2914.49
137,2023-10-01,west,inactive,enterprise,1031.73
138,2025-04-27,south,active,enterprise,3873.78
139,2025-11-02,northeast,churned,standard,1768.66
140,2024-05-27,midwest,active,enterprise,3255.34
141,2022-01-26,west,inactive,standard,2195.94
142,2024-01-12,west,churned,standard,2205.66
143,2024-12-04,midwest,churned,enterprise,3884.48
144,2024-08-10,west,churned,enterprise,1378.56
145,2023-05-18,northeast,inactive,premium,1257.12
146,2024-08-09,west,inactive,standard,2496.82
147,2023-10-28,south,inactive,standard,1806.38
148,2023-06-14,midwest,inactive,enterprise,3520.86
149,2023-07-20,northeast,churned,standard,473.78
150,2024-04-12,west,churned,standard,3468.52
151,2025-08-15,west,inactive,standard,510.61
152,2023-03-30,west,churned,standard,1565.72
153,2025-04-06,midwest,inactive,enterprise,2678.06
154,2024-05-21,midwest,inactive,enterprise,2296.04
155,2023-09-20,midwest,active,standard,3620.36
156,2023-10-09,northeast,churned,enterprise,4756.84
157,2025-11-14,south,active,standard,3706.09
158,2023-07-21,midwest,active,standard,1516.42
159,2024-01-10,south,inactive,standard,3554.69
160,2022-09-17,midwest,active,standard,2789.13
161,2025-11-29,south,churned,premium,557.81
162,2022-01-26,midwest,inactive,premium,2230.32
163,2023-01-13,northeast,inactive,premium,614.73
164,2022-05-14,west,inactive,standard,2906.25
165,2025-11-06,northeast,active,standard,4065.15
166,2023-09-15,northeast,active,standard,2812.46
167,2024-05-02,south,churned,premium,2280.05
168,2024-06-25,midwest,churned,premium,1561.63
169,2025-06-25,northeast,churned,enterprise,541.21
170,2023-03-02,south,inactive,enterprise,451.88
171,2023-05-07,south,churned,standard,824.84
172,2024-04-16,west,churned,enterprise,2376.07
173,2022-03-08,south,inactive,enterprise,1449.46
174,2024-07-18,northeast,churned,standard,4623.36
175,2025-07-04,south,inactive,standard,2745.58
176,2025-08-19,south,inactive,standard,403.48
177,2022-12-06,midwest,churned,enterprise,4129.99
178,2023-08-15,west,active,premium,3458.96
179,2025-12-04,west,inactive,enterprise,2722.91
180,2024-06-15,northeast,churned,standard,4452.64
181,2023-10-23,midwest,active,standard,1183.18
182,2025-10-12,northeast,churned,premium,2902.42
183,2022-12-25,west,churned,enterprise,2239.04
184,2023-07-24,south,churned,premium,3192.18
185,2024-10-04,northeast,inactive,premium,2071.32
186,2023-10-20,northeast,active,premium,2087.64
187,2024-10-11,midwest,churned,premium,4077.15
188,2025-01-31,northeast,inactive,standard,1606.86
189,2023-10-25,northeast,inactive,enterprise,4133.39
190,2022-01-03,west,inactive,standard,978.53
191,2024-01-11,west,churned,premium,3811.95
192,2023-02-21,midwest,churned,standard,4641.98
193,2024-06-16,west,active,standard,4867.08
194,2025-05-31,south,churned,standard,1588.21
195,2022-01-29,west,active,standard,4961.67
196,2022-08-21,west,active,enterprise,4169.11
197,2024-10-17,midwest,churned,enterprise,1403.45
198,2024-09-15,west,active,premium,2778.76
199,2024-02-25,south,churned,enterprise,3744.15
200,2022-10-07,northeast,inactive,premium,1732.38
201,2024-11-05,midwest,active,premium,3643.95
202,2025-04-17,west,active,premium,2715.97
203,2023-12-08,midwest,churned,enterprise,1917.19
204,2023-10-22,south,churned,standard,2880.4
205,2023-04-24,west,active,premium,3736.29
206,2025-12-15,west,inactive,enterprise,3972.35
207,2025-08-28,south,inactive,standard,674.92
208,2025-04-23,midwest,active,premium,543.57
209,2024-07-24,northeast,churned,standard,2079.39
210,2025-09-02,south,active,premium,3918.55
211,2023-06-27,midwest,churned,enterprise,2017.54
212,2022-06-14,midwest,churned,enterprise,1931.05
213,2023-10-11,west,churned,standard,3106.42
214,2023-04-26,midwest,active,enterprise,497.38
215,2022-07-21,northeast,inactive,standard,3485.31
216,2022-03-01,northeast,inactive,standard,1502.17
217,2024-02-07,west,active,standard,2679.27
218,2025-03-05,south,active,standard,440.89
219,2024-02-23,south,inactive,enterprise,758.43
220,2024-08-02,midwest,inactive,premium,3350.86
221,2024-08-10,midwest,churned,enterprise,831.98
222,2024-06-23,midwest,churned,premium,3212.75
223,2024-05-18,midwest,inactive,premium,1036.12
224,2024-02-27,west,active,standard,1937.75
225,2024-01-06,midwest,churned,premium,158.6
226,2025-09-10,west,inactive,standard,2851.35
227,2025-11-05,northeast,churned,enterprise,2508.8
228,2023-08-10,south,churned,premium,1134.07
229,2023-01-25,midwest,churned,enterprise,3848.98
230,2025-10-26,south,churned,standard,4521.85
231,2025-08-16,northeast,inactive,premium,215.15
232,2024-01-18,south,active,premium,1667.26
233,2024-04-30,south,active,standard,3943.24
234,2024-01-20,midwest,active,premium,4574.54
235,2024-09-13,midwest,churned,premium,4030.95
236,2024-08-17,northeast,active,standard,4307.7
237,2025-10-13,west,churned,premium,497.0
238,2024-03-19,northeast,inactive,enterprise,661.76
239,2024-01-25,midwest,churned,premium,4120.97
240,2024-01-31,northeast,churned,standard,2383.81
241,2025-06-22,midwest,churned,standard,3255.88
242,2025-07-25,west,churned,premium,3263.74
243,2022-08-27,south,active,standard,1556.6
244,2024-10-05,northeast,active,standard,4441.93
245,2022-10-05,west,inactive,premium,3368.91
246,2025-11-27,west,churned,enterprise,3646.67
247,2024-04-29,northeast,inactive,enterprise,2070.17
248,2023-07-27,northeast,churned,premium,1125.48
249,2024-06-29,south,inactive,standard,4905.59
250,2024-01-23,midwest,active,premium,1415.61
251,2022-09-08,west,active,enterprise,1099.92
252,2025-08-02,northeast,active,premium,1255.67
253,2022-09-15,south,active,enterprise,1075.43
254,2023-03-19,south,inactive,standard,3953.79
255,2025-05-05,northeast,inactive,standard,4938.26
256,2025-01-11,midwest,active,standard,3322.24
257,2022-02-22,south,active,premium,3960.42
258,2023-05-03,midwest,active,standard,1363.57
259,2022-09-17,west,churned,standard,3741.04
260,2024-09-02,west,inactive,enterprise,2988.65
261,2024-07-14,south,churned,standard,3649.85
262,2025-09-11,midwest,inactive,enterprise,4821.93
263,2022-05-05,west,inactive,premium,3446.18
264,2024-10-01,west,active,standard,1644.45
265,2022-10-31,northeast,active,premium,3140.37
266,2025-04-13,midwest,inactive,enterprise,2676.26
267,2024-07-18,west,active,enterprise,616.35
268,2025-09-02,south,inactive,premium,4446.05
269,2024-04-27,midwest,inactive,premium,2109.15
270,2022-07-14,midwest,inactive,premium,3342.28
271,2024-02-06,south,churned,premium,382.31
272,2022-06-24,northeast,inactive,standard,3735.72
273,2024-02-03,south,churned,standard,2953.0
274,2025-02-24,midwest,churned,standard,2083.5
275,2025-09-24,west,churned,standard,4843.57
276,2025-05-14,midwest,inactive,standard,2910.7
277,2023-03-12,south,churned,premium,1160.01
278,2022-08-10,midwest,churned,premium,618.68
279,2023-07-25,south,inactive,enterprise,4874.01
280,2025-06-27,northeast,churned,enterprise,4155.83
281,2023-07-02,northeast,active,premium,3528.36
282,2023-09-25,midwest,inactive,standard,947.96
283,2022-10-21,west,active,standard,3717.8
284,2022-03-04,northeast,churned,enterprise,1114.91
285,2024-05-09,west,inactive,standard,1881.76
286,2023-10-27,northeast,active,standard,829.18
287,2025-06-19,northeast,churned,standard,1396.91
288,2025-09-17,west,inactive,enterprise,2238.12
289,2023-07-14,south,churned,standard,1758.61
290,2022-08-16,midwest,churned,enterprise,2986.01
291,2024-12-15,midwest,active,standard,2006.55
292,2025-05-12,northeast,active,standard,1542.03
293,2023-03-09,south,inactive,premium,1674.21
294,2022-01-16,west,churned,premium,919.69
295,2024-02-18,south,churned,enterprise,4175.1
296,2023-12-27,northeast,inactive,enterprise,259.4
297,2022-02-08,west,active,premium,2900.01
298,2025-03-20,west,churned,enterprise,2117.59
299,2022-08-24,west,active,premium,900.77
300,2025-06-19,west,churned,premium,486.24
301,2022-08-05,south,inactive,enterprise,2032.23
302,2022-06-11,west,inactive,enterprise,1730.59
303,2023-11-14,south,active,enterprise,3184.46
304,2024-12-22,south,inactive,premium,3650.53
305,2025-08-14,south,active,standard,774.9
306,2023-02-09,south,churned,standard,3813.07
307,2025-09-04,northeast,active,enterprise,2495.88
308,2025-02-28,west,churned,enterprise,3232.81
309,2025-07-03,midwest,churned,premium,797.24
310,2022-05-20,west,inactive,enterprise,1548.96
311,2023-07-17,northeast,inactive,enterprise,417.24
312,2024-08-03,west,active,standard,1875.25
313,2023-08-11,northeast,churned,standard,3094.29
314,2024-11-04,west,inactive,enterprise,2793.87
315,2022-03-26,west,churned,enterprise,981.79
316,2025-05-24,west,churned,standard,4790.73
317,2024-07-11,northeast,inactive,enterprise,467.43
318,2025-08-16,south,active,standard,3552.73
319,2024-06-18,south,inactive,premium,4593.79
320,2024-03-04,west,inactive,enterprise,3009.54
321,2025-07-16,midwest,active,premium,517.8
322,2025-10-21,west,inactive,premium,3632.48
323,2025-09-06,south,inactive,standard,2934.56
324,2022-10-17,midwest,inactive,enterprise,3507.48
325,2024-03-13,south,churned,enterprise,4693.11
326,2023-09-27,west,churned,premium,4075.26
327,2025-10-04,northeast,churned,enterprise,2145.86
328,2024-01-12,northeast,inactive,premium,942.3
329,2023-03-15,midwest,inactive,standard,1171.39
330,2022-10-09,south,active,premium,4229.92
331,2022-07-27,northeast,churned,premium,4388.14
332,2025-06-19,south,churned,premium,813.55
333,2023-01-06,south,churned,premium,266.28
334,2024-01-17,south,inactive,enterprise,1460.39
335,2024-07-08,south,churned,standard,1581.87
336,2024-08-18,south,inactive,enterprise,4738.29
337,2024-06-21,west,inactive,premium,2539.39
338,2024-05-07,south,active,enterprise,735.07
339,2023-05-28,northeast,churned,premium,4376.88
340,2025-02-09,northeast,churned,enterprise,4263.27
341,2023-08-07,northeast,active,premium,2274.13
342,2024-11-17,south,inactive,standard,4734.75
343,2023-03-31,west,inactive,standard,2103.74
344,2024-03-22,midwest,active,premium,4972.9
345,2024-02-07,south,active,premium,4657.59
346,2025-08-24,midwest,active,standard,239.6
347,2024-08-25,south,churned,premium,2270.58
348,2022-01-11,northeast,active,premium,1117.49
349,2022-11-03,west,active,premium,1226.32
350,2022-09-07,northeast,active,premium,3212.81
351,2025-06-29,west,active,standard,4191.6
352,2024-10-20,northeast,churned,enterprise,2896.48
353,2022-10-22,midwest,inactive,standard,3093.31
354,2023-05-08,west,active,enterprise,3357.66
355,2024-12-08,midwest,active,enterprise,2743.21
356,2024-11-05,northeast,inactive,premium,265.5
357,2024-03-03,midwest,inactive,enterprise,130.4
358,2022-05-19,midwest,active,enterprise,3302.67
359,2022-08-01,midwest,active,standard,1793.88
360,2023-11-25,south,churned,premium,4905.05
361,2024-09-07,south,active,standard,3594.42
362,2024-07-26,northeast,inactive,standard,266.84
363,2023-02-13,northeast,inactive,premium,2601.15
364,2025-01-17,west,inactive,standard,3778.79
365,2023-01-27,midwest,inactive,standard,4335.7
366,2023-11-11,midwest,active,premium,2212.91
367,2024-03-30,west,inactive,premium,4869.93
368,2024-10-13,west,inactive,enterprise,1370.27
369,2022-06-19,west,active,premium,3032.14
370,2023-01-05,midwest,inactive,standard,446.34
371,2025-09-15,midwest,inactive,premium,3032.98
372,2024-05-22,south,churned,premium,1790.16
373,2022-03-28,midwest,churned,premium,1409.05
374,2022-04-28,northeast,churned,enterprise,2060.74
375,2024-11-16,south,active,standard,4250.91
376,2025-10-20,west,active,standard,382.81
377,2025-08-14,midwest,inactive,premium,4749.86
378,2022-03-08,south,churned,premium,4746.68
379,2024-02-01,west,active,enterprise,731.59
380,2024-01-22,west,inactive,enterprise,1429.51
381,2022-08-21,northeast,churned,standard,2520.27
382,2024-03-03,northeast,inactive,premium,3534.99
383,2023-03-16,midwest,churned,premium,1040.88
384,2022-10-05,northeast,inactive,standard,4498.46
385,2024-06-30,northeast,churned,premium,3355.81
386,2025-12-24,northeast,churned,enterprise,1487.29
387,2023-09-07,south,churned,enterprise,4640.26
388,2025-07-30,south,inactive,enterprise,1160.0
389,2023-02-16,south,active,premium,180.11
390,2025-02-08,midwest,inactive,enterprise,692.37
391,2022-06-26,northeast,inactive,premium,4998.0
392,2024-09-07,west,inactive,enterprise,415.07
393,2023-10-12,northeast,inactive,premium,3416.54
394,2023-12-07,south,churned,enterprise,2959.54
395,2022-09-22,west,churned,standard,4165.38
396,2024-11-27,south,inactive,standard,851.74
397,2025-12-23,south,inactive,enterprise,4479.88
398,2022-06-11,midwest,active,enterprise,4783.94
399,2023-07-17,south,churned,premium,3091.42
400,2022-07-11,south,churned,enterprise,813.26
401,2025-09-11,midwest,churned,standard,4134.92
402,2022-02-28,northeast,active,enterprise,3866.56
403,2023-06-27,south,churned,premium,3109.64
404,2022-03-04,west,churned,enterprise,1483.87
405,2023-09-11,west,active,enterprise,2060.16
406,2024-07-17,northeast,churned,standard,832.5
407,2024-05-01,west,inactive,standard,1733.95
408,2022-10-22,midwest,churned,premium,3684.29
409,2023-12-09,west,active,premium,2599.15
410,2022-08-06,midwest,active,premium,656.48
411,2024-07-09,south,active,standard,300.5
412,2024-02-26,west,active,standard,4076.72
413,2025-03-29,midwest,active,standard,2516.41
414,2024-11-20,west,inactive,premium,2511.98
415,2022-07-04,west,churned,premium,4835.1
416,2023-03-17,midwest,active,standard,1442.71
417,2025-05-08,west,inactive,enterprise,90.48
418,2022-08-09,west,active,premium,3651.16
419,2024-04-05,midwest,active,premium,303.23
420,2025-02-24,south,inactive,enterprise,1478.58
421,2024-03-02,west,churned,premium,4135.29
422,2025-06-30,northeast,active,standard,1999.82
423,2023-11-26,midwest,active,standard,3032.19
424,2024-04-02,northeast,active,standard,728.33
425,2023-11-14,west,churned,premium,787.26
426,2024-11-21,south,inactive,enterprise,1626.72
427,2024-03-15,midwest,churned,premium,2561.21
428,2024-11-09,west,churned,enterprise,1533.96
429,2022-02-04,midwest,inactive,enterprise,592.54
430,2024-05-03,midwest,churned,enterprise,3164.84
431,2025-05-07,west,inactive,enterprise,3925.37
432,2025-03-30,south,churned,standard,2938.44
433,2022-12-16,west,active,enterprise,1248.87
434,2025-03-18,northeast,active,standard,2233.14
435,2024-05-07,south,inactive,enterprise,1059.26
436,2024-10-24,west,churned,enterprise,358.29
437,2022-10-10,south,churned,premium,4990.71
438,2024-09-06,west,inactive,standard,2325.33
439,2024-12-27,midwest,churned,premium,3395.55
440,2025-10-26,midwest,churned,premium,1001.71
441,2023-05-20,midwest,churned,premium,1163.09
442,2023-09-02,midwest,churned,standard,3466.69
443,2024-09-28,midwest,inactive,premium,2824.41
444,2023-07-15,midwest,active,enterprise,3399.28
445,2024-02-17,west,inactive,standard,1487.74
446,2023-08-13,northeast,inactive,premium,3297.06
447,2024-09-08,south,active,enterprise,1392.11
448,2025-02-25,midwest,active,standard,3097.6
449,2025-04-16,south,active,standard,3365.68
450,2024-12-23,south,churned,standard,309.83
451,2024-04-26,midwest,churned,premium,547.7
452,2022-10-09,northeast,churned,standard,2064.19
453,2024-09-01,west,churned,standard,3791.76
454,2023-08-12,midwest,inactive,enterprise,342.85
455,2022-07-03,south,churned,enterprise,3629.43
456,2022-03-18,south,inactive,standard,4672.92
457,2022-03-16,west,inactive,standard,4686.21
458,2023-08-16,northeast,active,premium,2861.41
459,2022-08-08,midwest,inactive,premium,4946.04
460,2025-01-17,west,active,enterprise,2366.7
461,2023-01-30,northeast,inactive,standard,3669.04
462,2025-08-20,midwest,churned,standard,119.72
463,2023-11-22,midwest,churned,enterprise,3798.55
464,2022-12-26,west,inactive,enterprise,1673.24
465,2024-03-31,northeast,active,standard,2413.4
466,2023-05-24,northeast,inactive,premium,1215.83
467,2023-07-01,midwest,inactive,enterprise,3628.27
468,2022-01-24,midwest,churned,premium,3479.2
469,2022-05-08,northeast,inactive,premium,840.6
470,2025-11-06,midwest,churned,standard,3211.62
471,2023-08-28,midwest,churned,standard,1134.69
472,2022-10-01,west,active,premium,3751.29
473,2025-05-25,midwest,inactive,enterprise,2768.71
474,2024-08-22,south,active,enterprise,3785.96
475,2022-06-17,west,churned,enterprise,1840.84
476,2025-03-01,northeast,active,enterprise,4519.3
477,2023-02-19,south,active,premium,4279.71
478,2024-06-23,northeast,churned,standard,3598.74
479,2024-09-28,northeast,churned,premium,4053.03
480,2024-07-17,south,churned,premium,2311.15
481,2022-04-29,west,churned,premium,3630.24
482,2024-03-21,midwest,active,enterprise,1128.61
483,2022-05-30,northeast,inactive,premium,3516.91
484,2025-01-13,northeast,active,premium,207.09
485,2024-04-17,south,active,enterprise,4892.75
486,2025-08-15,west,inactive,premium,2270.26
487,2024-02-13,west,active,enterprise,4822.51
488,2025-01-09,south,churned,premium,637.23
489,2025-01-05,west,churned,standard,3652.9
490,2023-04-02,northeast,active,premium,2341.87
491,2025-01-20,west,churned,premium,4125.63
492,2023-05-22,west,inactive,standard,1414.47
493,2022-08-20,northeast,churned,premium,3093.87
494,2022-02-02,south,active,standard,549.44
495,2022-03-10,west,churned,enterprise,3531.27
496,2022-04-10,south,churned,standard,2041.21
497,2023-04-25,south,active,standard,2544.28
498,2023-08-16,south,churned,enterprise,1628.57
499,2025-05-09,midwest,active,premium,4387.48
500,2025-09-14,south,inactive,premium,1412.01
501,2025-02-14,south,churned,enterprise,2164.64
502,2024-10-12,northeast,inactive,enterprise,3373.15
503,2024-12-10,midwest,churned,premium,2070.88
504,2023-09-07,west,active,enterprise,2393.92
505,2023-04-07,midwest,churned,standard,4038.59
506,2022-04-29,west,inactive,enterprise,2673.46
507,2024-03-06,south,inactive,standard,1684.8
508,2022-06-11,west,inactive,standard,2701.4
509,2023-01-26,northeast,inactive,premium,3384.68
510,2025-05-19,northeast,active,standard,4033.02
511,2025-04-18,south,inactive,standard,4353.9
512,2023-11-13,midwest,active,standard,4688.94
513,2022-08-29,west,active,enterprise,3041.79
514,2023-02-23,west,active,enterprise,1641.99
515,2023-08-03,west,inactive,enterprise,3261.17
516,2023-09-24,midwest,inactive,enterprise,4419.92
517,2024-08-12,northeast,churned,premium,3820.06
518,2023-10-18,south,inactive,premium,2098.95
519,2025-02-26,south,churned,standard,130.29
520,2025-02-07,west,inactive,standard,1021.15
521,2023-04-17,west,churned,standard,2521.54
522,2025-09-02,midwest,inactive,premium,4834.22
523,2025-08-07,west,inactive,standard,3677.22
524,2023-12-23,south,active,enterprise,2755.4
525,2023-01-12,northeast,churned,standard,4203.39
526,2022-06-02,northeast,active,premium,730.58
527,2025-07-15,south,active,enterprise,797.6
528,2023-03-24,west,inactive,standard,3108.28
529,2025-09-27,west,churned,premium,127.87
530,2024-12-25,west,active,standard,2670.62
531,2023-07-17,midwest,active,enterprise,4075.13
532,2025-10-12,west,active,standard,4594.34
533,2024-12-09,south,active,standard,3117.92
534,2023-06-01,midwest,inactive,premium,441.15
535,2024-04-11,west,churned,standard,4951.65
536,2023-04-08,midwest,churned,standard,3285.99
537,2025-08-23,northeast,active,premium,1927.36
538,2025-02-05,west,active,enterprise,96.78
539,2022-12-17,northeast,inactive,premium,3242.29
540,2023-11-10,northeast,churned,standard,1187.34
541,2025-11-18,west,inactive,standard,4624.59
542,2025-11-02,midwest,churned,enterprise,3307.64
543,2023-01-03,midwest,active,standard,2955.83
544,2025-12-30,west,active,premium,854.13
545,2023-05-08,west,churned,enterprise,1692.06
546,2022-10-14,northeast,churned,enterprise,4872.9
547,2022-04-20,northeast,inactive,standard,4201.44
548,2023-11-29,west,inactive,standard,3188.91
549,2024-07-11,west,active,premium,2787.54
550,2024-02-08,west,active,enterprise,2950.08
551,2024-02-18,northeast,churned,premium,4000.37
552,2022-05-31,northeast,inactive,standard,1931.0
553,2025-07-22,south,churned,premium,1617.56
554,2022-08-07,northeast,active,premium,2251.44
555,2023-07-07,northeast,active,standard,977.59
556,2024-07-08,west,active,standard,493.61
557,2025-02-09,northeast,churned,enterprise,3932.97
558,2024-02-28,northeast,inactive,premium,1969.61
559,2022-06-23,south,churned,enterprise,889.44
560,2024-02-19,south,active,premium,1540.6
561,2024-10-06,south,active,standard,2201.65
562,2024-05-12,midwest,inactive,standard,1837.57
563,2023-05-21,west,churned,enterprise,1017.96
564,2022-08-08,south,inactive,standard,4746.68
565,2023-11-12,west,inactive,premium,1706.94
566,2025-08-26,south,inactive,premium,3035.9
567,2025-11-24,south,inactive,premium,929.3
568,2024-03-26,midwest,inactive,enterprise,3490.04
569,2024-10-02,south,inactive,premium,1437.49
570,2024-03-15,midwest,active,enterprise,1039.01
571,2025-01-22,south,churned,enterprise,183.23
572,2024-08-03,south,inactive,premium,4164.84
573,2022-05-22,west,churned,premium,738.94
574,2023-09-13,south,inactive,enterprise,813.01
575,2024-05-16,west,active,premium,4953.97
576,2024-09-08,west,churned,enterprise,4621.3
577,2025-11-17,west,churned,standard,3964.07
578,2024-01-07,northeast,active,standard,3305.13
579,2023-12-29,south,churned,enterprise,269.27
580,2025-08-14,west,inactive,premium,574.43
581,2022-07-21,midwest,active,enterprise,3746.92
582,2025-02-16,south,inactive,premium,1986.11
583,2025-10-23,south,inactive,standard,2439.72
584,2023-08-29,west,active,standard,4165.02
585,2022-10-18,midwest,inactive,premium,2303.9
586,2023-02-28,west,inactive,premium,533.23
587,2025-11-27,west,inactive,standard,1536.31
588,2025-12-26,northeast,active,premium,3257.45
589,2025-10-18,south,churned,standard,2604.17
590,2025-02-04,south,inactive,enterprise,2160.53
591,2024-08-04,south,inactive,enterprise,963.04
592,2025-08-04,west,inactive,standard,3700.07
593,2023-02-09,west,churned,premium,1974.74
594,2025-12-14,south,active,premium,3774.01
595,2022-05-09,northeast,churned,standard,1860.68
596,2023-02-08,west,active,premium,3369.97
597,2024-09-29,midwest,churned,premium,3075.98
598,2025-04-17,northeast,inactive,premium,4235.31
599,2025-06-18,south,churned,enterprise,4013.04
600,2025-06-12,northeast,churned,standard,1600.27
601,2023-05-04,midwest,active,standard,1897.87
602,2022-10-17,west,inactive,enterprise,732.44
603,2024-02-25,west,active,premium,3195.73
604,2025-11-21,south,churned,standard,2473.73
605,2022-10-15,south,inactive,premium,3116.08
606,2024-01-06,northeast,inactive,standard,1015.89
607,2024-02-26,west,inactive,enterprise,2484.04
608,2025-12-25,west,inactive,standard,459.22
609,2022-03-05,south,inactive,standard,1410.52
610,2025-01-06,midwest,active,premium,2849.97
611,2024-10-11,northeast,churned,standard,1376.05
612,2025-01-17,midwest,churned,standard,3812.02
613,2024-06-22,south,inactive,standard,3693.14
614,2025-08-31,south,inactive,standard,2276.18
615,2023-12-15,northeast,inactive,standard,3889.38
616,2023-05-01,south,churned,enterprise,3461.21
617,2025-12-26,west,active,enterprise,739.21
618,2023-02-28,south,active,enterprise,1786.54
619,2023-07-30,south,inactive,enterprise,1498.54
620,2025-03-18,midwest,churned,enterprise,4085.15
621,2022-10-05,west,active,premium,4341.89
622,2022-09-17,south,active,standard,3571.4
623,2023-05-22,west,inactive,standard,2908.26
624,2023-07-05,west,inactive,premium,423.81
625,2022-07-10,west,churned,enterprise,1427.22
626,2024-01-26,west,inactive,premium,2930.68
627,2022-07-10,west,churned,enterprise,3501.58
628,2022-05-10,west,active,premium,4133.0
629,2024-10-10,midwest,inactive,premium,1721.89
630,2025-03-29,south,churned,premium,3952.1
631,2025-10-29,northeast,active,standard,3149.59
632,2024-07-30,northeast,active,standard,2234.37
633,2022-01-02,west,active,enterprise,4551.57
634,2025-08-24,midwest,active,premium,512.03
635,2024-01-09,midwest,active,premium,3339.32
636,2025-08-21,south,active,premium,3146.74
637,2025-12-03,south,inactive,enterprise,501.44
638,2022-07-14,northeast,active,premium,435.8
639,2025-04-30,south,churned,enterprise,2253.08
640,2022-01-17,midwest,active,premium,3485.45
641,2024-09-05,northeast,active,premium,492.19
642,2022-07-29,northeast,inactive,premium,4410.9
643,2022-10-08,west,active,enterprise,4965.05
644,2022-10-20,northeast,churned,enterprise,91.95
645,2025-08-24,south,inactive,premium,3626.04
646,2025-07-10,south,inactive,enterprise,3448.5
647,2023-03-21,northeast,active,standard,3774.61
648,2025-04-22,west,inactive,premium,1606.79
649,2022-10-14,south,inactive,enterprise,467.03
650,2025-02-07,midwest,churned,standard,4247.07
651,2025-09-10,midwest,active,enterprise,3054.29
652,2023-01-22,west,inactive,enterprise,320.12
653,2023-05-06,west,inactive,standard,1243.35
654,2025-07-30,northeast,churned,standard,4935.07
655,2023-10-11,south,inactive,enterprise,2133.27
656,2025-01-23,south,inactive,standard,132.61
657,2022-05-19,northeast,inactive,standard,247.14
658,2022-05-04,west,churned,premium,3161.42
659,2024-10-23,west,inactive,enterprise,2041.27
660,2025-08-04,south,inactive,standard,1584.04
661,2024-11-13,south,active,enterprise,1667.41
662,2025-04-16,northeast,inactive,enterprise,2215.56
663,2023-05-04,northeast,active,standard,4626.91
664,2022-08-26,west,churned,enterprise,322.39
665,2025-09-26,south,active,standard,3554.11
666,2025-12-07,northeast,active,premium,4767.43
667,2024-12-07,midwest,active,premium,678.31
668,2023-07-05,northeast,active,premium,4045.18
669,2023-07-12,northeast,inactive,enterprise,4876.5
670,2025-07-09,northeast,inactive,premium,2578.37
671,2022-04-24,west,churned,standard,1870.05
672,2023-06-07,northeast,churned,enterprise,3627.75
673,2023-04-13,northeast,active,standard,1260.53
674,2024-08-24,midwest,inactive,standard,935.86
675,2022-03-14,west,active,premium,1278.9
676,2023-10-18,midwest,active,enterprise,1895.4
677,2024-10-25,northeast,active,standard,4031.47
678,2022-04-05,west,active,premium,4336.86
679,2023-09-29,midwest,active,enterprise,2310.89
680,2024-01-26,south,inactive,enterprise,3933.31
681,2025-06-29,south,inactive,premium,2978.87
682,2024-10-07,south,churned,enterprise,3814.39
683,2023-05-18,south,active,premium,168.36
684,2025-01-14,midwest,churned,enterprise,4392.13
685,2023-11-18,northeast,churned,premium,4252.58
686,2023-09-22,northeast,active,enterprise,4916.42
687,2024-05-09,west,active,standard,3572.68
688,2022-07-10,northeast,active,enterprise,2094.63
689,2024-02-02,west,churned,standard,2924.81
690,2024-11-01,south,churned,premium,420.41
691,2025-03-08,northeast,inactive,enterprise,4822.88
692,2023-04-30,midwest,inactive,premium,4633.91
693,2024-03-15,midwest,inactive,premium,1396.18
694,2022-06-02,south,active,enterprise,589.42
695,2022-08-05,south,inactive,premium,1604.46
696,2022-09-05,midwest,active,premium,1576.12
697,2023-06-27,northeast,active,standard,4047.6
698,2023-09-16,northeast,active,premium,784.2
699,2025-12-27,south,inactive,premium,2591.63
700,2025-10-18,midwest,inactive,standard,203.86
701,2024-04-08,west,churned,enterprise,2773.1
702,2022-07-13,west,active,standard,651.19
703,2022-05-07,south,active,standard,4127.18
704,2024-02-02,northeast,churned,enterprise,1331.16
705,2022-06-03,northeast,active,standard,4517.36
706,2024-06-27,south,active,premium,656.51
707,2024-08-02,northeast,active,enterprise,2194.12
708,2024-03-19,west,active,premium,3431.9
709,2022-12-20,midwest,active,standard,1411.16
710,2024-07-02,south,active,enterprise,3114.92
711,2023-05-19,midwest,inactive,premium,4419.75
712,2024-09-08,northeast,active,premium,1945.93
713,2024-05-08,south,churned,enterprise,1283.28
714,2025-01-18,northeast,inactive,enterprise,1827.6
715,2025-01-20,west,inactive,enterprise,2536.85
716,2024-03-06,midwest,active,standard,1628.44
717,2023-03-25,northeast,inactive,standard,4052.84
718,2024-08-24,midwest,churned,standard,4871.2
719,2022-07-25,south,churned,standard,1369.31
720,2022-04-25,south,churned,premium,1806.28
721,2022-12-22,south,active,enterprise,1624.12
722,2025-11-29,midwest,churned,standard,3532.09
723,2023-12-22,south,churned,standard,4191.65
724,2024-10-05,midwest,active,premium,237.92
725,2022-04-26,south,churned,standard,148.64
726,2024-09-05,northeast,inactive,enterprise,1047.25
727,2022-09-25,midwest,churned,standard,4597.96
728,2023-10-25,northeast,active,standard,2953.72
729,2022-10-18,northeast,churned,premium,4804.77
730,2024-02-05,west,churned,standard,1715.98
731,2023-10-23,south,active,enterprise,4746.03
732,2025-08-02,west,churned,premium,912.3
733,2025-02-24,midwest,active,enterprise,2965.3
734,2022-12-26,west,inactive,enterprise,3458.07
735,2022-09-18,south,churned,standard,4746.5
736,2025-03-19,west,churned,standard,951.3
737,2023-10-14,south,churned,enterprise,565.35
738,2024-10-13,south,inactive,enterprise,435.14
739,2023-12-12,midwest,active,enterprise,4432.34
740,2022-07-01,midwest,inactive,standard,1362.8
741,2023-05-27,northeast,inactive,premium,3945.75
742,2022-01-03,northeast,inactive,premium,3676.29
743,2022-12-07,west,inactive,premium,1788.59
744,2024-02-08,northeast,inactive,enterprise,3272.3
745,2025-11-08,south,active,premium,414.86
746,2022-03-10,midwest,active,premium,1342.58
747,2022-08-03,northeast,inactive,standard,4445.26
748,2022-11-26,northeast,churned,standard,1722.86
749,2025-06-10,west,churned,standard,2185.05
750,2025-08-31,south,churned,premium,827.66
751,2022-07-27,midwest,active,standard,2075.94
752,2025-02-08,midwest,churned,premium,1522.13
753,2022-07-16,northeast,inactive,enterprise,2770.83
754,2024-10-02,south,active,premium,68.89
755,2022-06-29,midwest,churned,enterprise,3021.07
756,2023-02-13,northeast,active,standard,895.62
757,2023-08-21,northeast,inactive,standard,1576.35
758,2024-03-25,west,inactive,enterprise,1361.77
759,2025-08-07,west,active,premium,4433.19
760,2024-01-27,south,inactive,standard,1353.32
761,2024-08-10,midwest,active,premium,2843.02
762,2022-11-06,northeast,active,enterprise,1751.77
763,2025-01-13,west,churned,standard,2790.33
764,2024-03-03,west,churned,enterprise,4341.13
765,2024-08-30,south,inactive,premium,440.83
766,2022-03-13,south,active,premium,905.75
767,2022-12-09,south,active,standard,261.25
768,2022-06-10,west,active,enterprise,782.0
769,2025-05-03,midwest,inactive,enterprise,4575.16
770,2022-05-18,northeast,inactive,enterprise,2016.91
771,2023-10-30,midwest,churned,premium,4589.95
772,2022-01-26,west,active,premium,790.73
773,2025-03-06,northeast,active,enterprise,3908.75
774,2023-08-09,midwest,inactive,premium,1946.07
775,2024-09-21,west,active,standard,1413.3
776,2022-10-22,west,active,premium,4453.39
777,2023-11-10,south,active,enterprise,2402.33
778,2023-07-05,midwest,active,premium,4096.06
779,2023-09-13,midwest,inactive,premium,4298.26
780,2025-11-03,northeast,active,standard,1537.38
781,2024-06-26,midwest,inactive,enterprise,2113.03
782,2025-08-15,northeast,active,premium,1096.38
783,2024-04-13,west,churned,premium,4114.04
784,2024-11-21,south,active,premium,3562.37
785,2024-04-06,south,churned,enterprise,193.29
786,2023-01-30,south,active,standard,213.7
787,2022-04-14,midwest,churned,standard,1406.19
788,2024-08-08,west,churned,standard,3421.81
789,2023-05-11,midwest,inactive,enterprise,2258.21
790,2024-08-29,midwest,inactive,standard,4196.39
791,2023-06-14,northeast,inactive,standard,1963.5
792,2022-11-30,south,active,enterprise,1164.3
793,2023-02-28,midwest,churned,premium,2590.74
794,2025-10-29,northeast,inactive,standard,3254.49
795,2025-05-16,northeast,active,premium,3061.3
796,2023-09-18,midwest,inactive,premium,4265.35
797,2024-07-29,midwest,active,premium,1545.62
798,2024-12-02,west,churned,standard,86.37
799,2025-09-18,midwest,churned,enterprise,2989.17
800,2023-08-02,midwest,churned,standard,2434.61
801,2023-11-20,midwest,churned,premium,4314.38
802,2023-06-19,midwest,active,standard,2610.6
803,2023-05-08,northeast,churned,premium,3319.63
804,2025-10-26,south,churned,standard,3294.23
805,2023-08-29,midwest,inactive,premium,1971.96
806,2022-03-14,south,inactive,enterprise,3581.18
807,2025-11-06,west,churned,premium,2561.21
808,2022-12-15,south,inactive,standard,2380.37
809,2023-06-14,south,churned,premium,3289.45
810,2023-04-01,midwest,active,enterprise,4363.59
811,2024-05-11,midwest,inactive,premium,2948.57
812,2024-08-07,northeast,inactive,standard,4338.65
813,2025-04-10,northeast,inactive,standard,2527.36
814,2025-10-26,west,churned,premium,2094.88
815,2022-11-05,south,active,premium,2075.5
816,2025-03-12,west,active,premium,4318.85
817,2023-01-05,northeast,inactive,premium,3173.61
818,2022-12-29,midwest,churned,standard,73.33
819,2023-07-15,south,active,enterprise,3834.19
820,2024-09-29,northeast,active,enterprise,2196.87
821,2024-05-29,west,inactive,premium,1947.42
822,2022-03-19,south,churned,premium,4752.84
823,2023-10-22,south,active,enterprise,70.41
824,2023-05-25,south,churned,premium,1594.86
825,2022-07-30,west,churned,enterprise,1565.27
826,2022-05-14,northeast,inactive,premium,2306.84
827,2024-12-01,midwest,inactive,enterprise,4977.59
828,2023-12-03,west,inactive,standard,866.17
829,2024-04-06,northeast,active,standard,3649.49
830,2022-09-26,south,churned,standard,2968.98
831,2022-12-13,northeast,inactive,enterprise,3270.17
832,2022-03-18,west,churned,premium,3867.69
833,2025-06-30,northeast,churned,standard,3326.75
834,2025-08-31,northeast,active,enterprise,623.16
835,2024-06-28,west,active,enterprise,1301.05
836,2025-12-08,south,active,enterprise,3444.41
837,2022-01-20,midwest,inactive,enterprise,549.85
838,2024-12-01,midwest,churned,enterprise,3518.6
839,2024-05-07,northeast,churned,enterprise,3107.6
840,2023-08-02,northeast,active,premium,1033.3
841,2023-02-14,midwest,churned,standard,1821.71
842,2024-04-19,midwest,active,standard,2763.29
843,2023-03-02,west,inactive,standard,63.55
844,2025-10-07,northeast,active,enterprise,3361.66
845,2022-11-02,northeast,churned,standard,3631.64
846,2022-07-27,midwest,churned,standard,2310.92
847,2023-08-30,midwest,inactive,standard,544.05
848,2022-12-24,northeast,inactive,premium,4017.9
849,2023-10-03,west,churned,standard,520.24
850,2022-04-04,northeast,active,enterprise,3253.63
851,2023-11-05,midwest,inactive,enterprise,1378.13
852,2022-07-10,midwest,inactive,standard,613.47
853,2024-03-30,west,inactive,premium,3465.02
854,2024-09-06,west,churned,standard,609.63
855,2025-11-26,northeast,active,standard,2109.34
856,2025-04-24,west,churned,enterprise,2218.91
857,2025-06-05,west,inactive,enterprise,192.64
858,2025-11-02,south,inactive,premium,609.04
859,2024-04-22,west,active,standard,1344.98
860,2023-10-06,northeast,churned,enterprise,2647.85
861,2025-03-26,south,churned,premium,2619.54
862,2025-11-10,northeast,inactive,enterprise,3646.93
863,2024-09-13,midwest,churned,enterprise,3224.95
864,2022-11-01,northeast,active,enterprise,4675.14
865,2024-11-01,west,inactive,standard,420.58
866,2024-10-03,midwest,active,premium,4852.22
867,2022-04-14,south,churned,enterprise,1924.26
868,2023-04-27,northeast,inactive,premium,4016.24
869,2024-07-06,northeast,inactive,premium,1614.5
870,2024-10-15,northeast,active,premium,2091.08
871,2025-02-15,northeast,active,enterprise,4817.7
872,2025-07-29,midwest,churned,enterprise,1073.91
873,2025-10-07,west,inactive,premium,4135.29
874,2023-04-02,west,inactive,enterprise,3848.71
875,2025-05-13,west,churned,enterprise,1848.31
876,2024-07-15,northeast,active,enterprise,1147.65
877,2023-12-01,midwest,churned,premium,2761.07
878,2024-02-05,northeast,active,standard,2487.49
879,2024-04-18,northeast,inactive,enterprise,1019.81
880,2022-09-05,west,active,premium,4131.54
881,2023-01-26,midwest,active,premium,280.18
882,2025-07-20,northeast,inactive,premium,3309.36
883,2024-10-29,south,inactive,standard,2675.3
884,2022-04-10,west,churned,premium,4625.64
885,2022-12-29,south,churned,standard,562.59
886,2025-09-08,midwest,churned,premium,2122.39
887,2025-06-01,south,inactive,premium,4819.79
888,2023-08-26,west,active,standard,2093.09
889,2025-12-04,midwest,churned,enterprise,4310.5
890,2025-12-28,south,active,standard,3139.63
891,2023-08-19,midwest,churned,standard,4907.61
892,2025-08-24,south,churned,enterprise,3486.84
893,2023-10-23,northeast,inactive,enterprise,2427.83
894,2025-03-14,west,churned,enterprise,4474.64
895,2024-12-29,midwest,inactive,standard,2637.51
896,2022-02-21,west,active,standard,3367.76
897,2023-02-14,midwest,active,premium,3432.78
898,2022-10-27,northeast,churned,premium,1059.8
899,2025-01-13,northeast,inactive,premium,557.28
900,2025-10-15,south,churned,enterprise,2828.29
901,2023-05-02,midwest,churned,enterprise,282.55
902,2024-02-21,west,inactive,enterprise,1597.64
903,2025-02-04,northeast,active,enterprise,1294.14
904,2025-06-24,west,active,enterprise,3537.91
905,2025-08-19,midwest,churned,enterprise,3705.33
906,2023-02-07,south,inactive,premium,928.26
907,2025-10-30,northeast,active,standard,3688.64
908,2022-09-02,west,active,premium,1431.61
909,2023-06-26,south,active,enterprise,4237.77
910,2022-01-12,midwest,inactive,enterprise,4690.6
911,2022-03-23,south,inactive,enterprise,301.73
912,2025-07-04,midwest,inactive,enterprise,2773.29
913,2022-05-30,midwest,churned,standard,4787.09
914,2024-12-02,northeast,churned,standard,2108.86
915,2025-01-04,west,active,premium,1144.93
916,2023-03-13,midwest,inactive,premium,1503.19
917,2025-06-20,west,churned,enterprise,93.58
918,2025-10-01,midwest,inactive,standard,4527.26
919,2025-06-10,south,active,enterprise,4434.02
920,2024-02-21,northeast,inactive,premium,2724.17
921,2023-08-03,northeast,churned,premium,2595.83
922,2024-11-07,west,inactive,standard,1517.35
923,2025-08-27,south,inactive,enterprise,457.61
924,2022-07-16,south,churned,enterprise,86.29
925,2022-05-15,south,churned,enterprise,3879.23
926,2025-11-04,west,active,standard,2711.88
927,2025-12-10,west,churned,standard,3747.11
928,2022-11-11,northeast,inactive,enterprise,1691.99
929,2022-06-29,northeast,active,standard,3981.36
930,2025-02-16,northeast,churned,standard,4559.38
931,2024-04-14,west,inactive,enterprise,2052.02
932,2023-10-10,northeast,inactive,enterprise,635.61
933,2022-01-13,northeast,churned,enterprise,275.31
934,2022-05-29,midwest,churned,standard,1484.69
935,2025-11-05,midwest,churned,standard,1443.51
936,2024-06-15,west,inactive,enterprise,202.55
937,2022-11-17,south,active,enterprise,1985.41
938,2025-01-22,midwest,churned,standard,1525.38
939,2025-08-19,midwest,active,enterprise,4380.1
940,2022-10-17,northeast,active,standard,2884.96
941,2024-03-18,northeast,inactive,standard,3754.07
942,2023-12-06,south,inactive,enterprise,4264.72
943,2022-10-19,south,active,standard,3103.58
944,2023-06-02,south,active,standard,3371.34
945,2025-03-07,northeast,churned,premium,3241.14
946,2022-05-30,midwest,churned,standard,1290.9
947,2023-02-09,west,inactive,premium,684.66
948,2025-09-04,south,active,premium,3116.6
949,2023-02-01,midwest,inactive,premium,1675.31
950,2025-09-12,midwest,churned,enterprise,804.36
951,2025-03-06,midwest,inactive,premium,884.77
952,2023-10-04,south,active,enterprise,3712.09
953,2024-06-12,midwest,inactive,standard,3413.92
954,2023-11-11,west,inactive,premium,1825.77
955,2023-09-18,west,churned,standard,920.06
956,2025-05-27,northeast,inactive,standard,4461.92
957,2023-02-07,midwest,churned,enterprise,428.49
958,2022-06-04,northeast,churned,enterprise,204.41
959,2025-04-06,west,churned,standard,4536.2
960,2025-02-03,midwest,churned,enterprise,2386.91
961,2022-11-01,midwest,inactive,standard,4462.62
962,2025-04-22,midwest,active,premium,2530.56
963,2022-07-05,west,inactive,enterprise,102.43
964,2023-05-05,south,churned,standard,2258.79
965,2023-01-02,south,churned,enterprise,2443.34
966,2024-01-05,northeast,active,premium,1197.16
967,2023-06-26,midwest,active,standard,3359.5
968,2024-11-26,midwest,inactive,premium,4593.61
969,2022-04-06,northeast,churned,premium,560.96
970,2024-12-03,midwest,churned,premium,2914.23
971,2025-03-13,south,inactive,enterprise,1923.67
972,2025-04-18,northeast,churned,premium,1912.83
973,2023-04-02,west,inactive,premium,2459.96
974,2024-09-14,northeast,churned,standard,2227.5
975,2023-04-17,northeast,churned,enterprise,1440.01
976,2022-11-04,south,active,premium,3030.0
977,2022-08-31,south,inactive,premium,3615.27
978,2024-09-13,west,inactive,standard,2974.41
979,2025-08-18,west,active,standard,263.56
980,2025-03-20,south,active,enterprise,2587.58
981,2025-03-18,south,active,standard,1328.39
982,2023-01-04,west,churned,enterprise,3206.23
983,2025-09-17,midwest,active,standard,2273.56
984,2024-08-23,west,active,standard,4160.3
985,2025-05-15,south,churned,standard,3134.9
986,2024-11-12,midwest,active,enterprise,3443.68
987,2024-07-17,northeast,active,premium,1958.04
988,2022-08-11,northeast,active,enterprise,4304.98
989,2024-10-29,west,active,enterprise,526.68
990,2024-09-01,northeast,churned,enterprise,3774.3
991,2022-07-10,west,churned,standard,4514.82
992,2025-01-09,northeast,churned,enterprise,2185.91
993,2024-05-11,midwest,active,enterprise,2672.59
994,2023-04-15,west,inactive,premium,2965.79
995,2025-11-27,northeast,inactive,standard,1309.86
996,2023-04-22,northeast,inactive,enterprise,4389.99
997,2024-04-16,midwest,active,standard,3560.29
998,2022-01-15,northeast,churned,standard,1906.4
999,2023-02-25,midwest,inactive,premium,577.59
1000,2024-05-22,midwest,inactive,enterprise,2146.63
1001,2024-01-19,midwest,churned,premium,3787.11
1002,2024-04-26,west,active,premium,2817.51
1003,2024-09-17,midwest,inactive,enterprise,1754.56
1004,2025-12-15,west,churned,standard,4282.24
1005,2025-09-12,northeast,churned,standard,2260.64
1006,2025-12-03,south,active,standard,2566.3
1007,2023-11-25,northeast,active,premium,4824.62
1008,2022-01-11,northeast,active,premium,4633.02
1009,2024-06-10,northeast,active,premium,1147.76
1010,2022-06-13,northeast,churned,premium,4656.89
1011,2024-03-31,midwest,churned,enterprise,334.44
1012,2022-12-25,west,inactive,standard,1048.45
1013,2025-09-07,midwest,active,standard,3930.6
1014,2024-11-11,south,churned,standard,3386.42
1015,2024-01-07,south,churned,standard,4879.45
1016,2022-06-27,midwest,inactive,premium,3364.83
1017,2024-04-10,south,churned,standard,3697.78
1018,2022-05-21,northeast,churned,premium,3644.39
1019,2025-02-19,midwest,inactive,premium,1170.16
1020,2023-02-03,west,inactive,enterprise,73.02
1021,2022-12-25,west,churned,standard,2815.22
1022,2024-10-27,midwest,inactive,standard,4024.56
1023,2023-06-12,midwest,churned,premium,4831.97
1024,2025-02-27,west,active,premium,4808.13
1025,2024-07-28,west,churned,standard,2435.75
1026,2023-06-13,northeast,inactive,enterprise,3953.85
1027,2023-03-28,south,inactive,premium,4779.46
1028,2024-11-23,northeast,churned,premium,1278.88
1029,2022-07-10,west,churned,enterprise,4114.32
1030,2022-06-05,south,inactive,premium,1800.01
1031,2025-03-20,midwest,active,enterprise,3431.38
1032,2023-01-25,west,churned,standard,1212.56
1033,2023-05-11,midwest,active,standard,1053.69
1034,2023-05-27,midwest,active,standard,643.4
1035,2022-06-10,west,churned,standard,3833.01
1036,2025-01-13,northeast,inactive,premium,3122.3
1037,2024-10-05,midwest,inactive,standard,4922.75
1038,2024-11-12,midwest,inactive,standard,3763.34
1039,2022-09-20,northeast,churned,premium,2417.68
1040,2025-01-12,northeast,churned,premium,1998.9
1041,2025-11-06,south,inactive,standard,3506.31
1042,2024-07-31,midwest,churned,standard,108.51
1043,2023-03-08,west,churned,standard,1660.91
1044,2025-06-08,midwest,active,enterprise,1351.1
1045,2023-07-06,west,churned,premium,1861.32
1046,2024-10-18,west,active,premium,3518.53
1047,2024-02-02,midwest,inactive,premium,2281.11
1048,2025-03-16,south,churned,enterprise,1181.41
1049,2022-07-24,midwest,active,enterprise,2189.48
1050,2024-02-20,south,active,enterprise,790.26
1051,2022-01-20,south,inactive,premium,715.63
1052,2025-07-15,midwest,inactive,premium,1292.32
1053,2025-03-08,northeast,inactive,standard,3468.19
1054,2022-05-03,south,inactive,premium,4202.91
1055,2022-07-17,west,churned,premium,1335.86
1056,2024-01-08,midwest,inactive,standard,2088.22
1057,2023-12-21,south,churned,enterprise,3266.83
1058,2025-01-07,south,inactive,premium,1659.2
1059,2024-11-11,west,churned,premium,4453.68
1060,2024-02-20,midwest,inactive,enterprise,4785.14
1061,2022-12-10,midwest,inactive,enterprise,3080.94
1062,2024-04-08,northeast,active,standard,1750.95
1063,2023-10-05,midwest,churned,premium,3566.65
1064,2025-05-24,west,inactive,premium,3915.82
1065,2024-01-14,west,inactive,standard,960.24
1066,2022-02-17,south,churned,standard,3327.01
1067,2025-12-06,northeast,active,standard,2015.38
1068,2022-07-15,northeast,inactive,enterprise,316.44
1069,2024-03-24,northeast,active,premium,3109.61
1070,2022-06-22,west,inactive,standard,1274.61
1071,2023-08-05,west,churned,standard,699.82
1072,2022-12-16,northeast,active,enterprise,1816.36
1073,2023-10-29,west,inactive,enterprise,4677.54
1074,2025-01-28,west,active,enterprise,2719.47
1075,2025-04-25,west,churned,enterprise,3197.46
1076,2025-03-01,west,churned,enterprise,3215.66
1077,2023-09-27,midwest,inactive,enterprise,1174.29
1078,2022-07-03,west,inactive,premium,2090.41
1079,2022-11-15,midwest,active,standard,2640.42
1080,2022-10-07,midwest,inactive,premium,2698.74
1081,2025-11-09,west,inactive,premium,95.21
1082,2024-05-31,midwest,churned,standard,3994.0
1083,2025-01-27,midwest,active,premium,4416.7
1084,2024-06-14,west,active,standard,3588.94
1085,2025-08-15,west,inactive,standard,1351.75
1086,2024-05-14,south,churned,enterprise,4047.5
1087,2025-11-03,midwest,inactive,enterprise,3727.49
1088,2023-07-05,west,active,standard,952.92
1089,2023-08-17,northeast,churned,premium,3107.76
1090,2023-07-12,west,active,premium,146.01
1091,2022-04-12,northeast,active,standard,1446.47
1092,2022-09-14,west,churned,standard,1202.41
1093,2022-11-05,northeast,inactive,standard,1742.47
1094,2023-10-01,west,inactive,premium,3499.83
1095,2022-03-06,midwest,active,standard,327.39
1096,2024-03-14,northeast,churned,premium,948.94
1097,2023-05-28,west,active,standard,4874.26
1098,2023-05-25,west,inactive,standard,3701.21
1099,2022-03-10,south,inactive,enterprise,3866.43
1100,2024-12-03,south,inactive,premium,3423.14
1101,2023-10-02,midwest,active,enterprise,3654.77
1102,2025-01-30,northeast,inactive,premium,3210.67
1103,2023-02-11,midwest,active,enterprise,1128.05
1104,2022-08-20,south,churned,premium,1656.34
1105,2022-12-09,midwest,churned,standard,2009.25
1106,2023-05-13,northeast,active,enterprise,3928.2
1107,2024-08-31,south,inactive,standard,1281.18
1108,2024-10-20,northeast,churned,enterprise,1725.19
1109,2025-07-04,northeast,active,premium,3240.65
1110,2025-12-07,northeast,active,premium,1201.74
1111,2025-02-17,midwest,inactive,enterprise,1005.18
1112,2025-11-12,west,inactive,enterprise,716.92
1113,2022-03-22,west,churned,premium,2817.17
1114,2025-01-16,west,active,enterprise,973.8
1115,2023-12-14,midwest,churned,premium,1412.86
1116,2025-05-11,south,active,enterprise,817.38
1117,2023-08-29,midwest,churned,premium,2297.69
1118,2025-07-30,west,churned,standard,4420.52
1119,2025-06-23,midwest,churned,standard,1637.44
1120,2022-05-10,west,active,enterprise,3431.96
1121,2025-02-03,south,churned,premium,1646.87
1122,2025-08-05,midwest,active,standard,2639.84
1123,2022-05-17,northeast,active,standard,4373.79
1124,2023-02-18,northeast,inactive,standard,538.83
1125,2025-03-15,west,churned,premium,2652.82
1126,2025-12-07,midwest,active,premium,1142.58
1127,2022-05-26,northeast,active,enterprise,2482.46
1128,2022-06-13,west,churned,standard,1836.58
1129,2024-05-01,midwest,churned,standard,4127.03
1130,2023-06-29,northeast,churned,standard,4180.56
1131,2022-06-09,south,churned,standard,551.06
1132,2023-04-19,west,active,standard,2654.65
1133,2023-05-25,south,churned,enterprise,2812.8
1134,2022-08-05,midwest,churned,premium,3527.62
1135,2024-05-24,northeast,active,standard,2772.33
1136,2024-10-30,midwest,churned,standard,2692.81
1137,2025-05-13,west,inactive,premium,2772.9
1138,2023-10-27,midwest,inactive,enterprise,2181.41
1139,2023-10-25,south,churned,enterprise,1108.94
1140,2025-01-31,midwest,inactive,premium,2265.12
1141,2024-03-24,northeast,churned,standard,4915.63
1142,2025-05-05,northeast,churned,standard,4967.39
1143,2023-09-11,northeast,inactive,standard,1113.37
1144,2023-10-07,northeast,churned,premium,4599.6
1145,2024-11-13,south,active,standard,2328.83
1146,2022-11-16,south,inactive,premium,4453.65
1147,2023-05-27,south,inactive,premium,504.93
1148,2024-03-29,south,churned,standard,3631.72
1149,2024-09-15,south,inactive,enterprise,3529.1
1150,2022-07-15,midwest,active,enterprise,4051.29
1151,2024-02-21,northeast,active,premium,1772.25
1152,2024-06-08,west,active,standard,3751.01
1153,2025-05-18,northeast,churned,enterprise,1943.31
1154,2023-09-17,northeast,inactive,enterprise,2846.32
1155,2023-11-01,south,active,standard,3384.49
1156,2024-03-15,west,churned,enterprise,2548.41
1157,2023-03-31,west,inactive,premium,782.66
1158,2023-11-20,northeast,inactive,enterprise,3739.31
1159,2025-01-27,west,inactive,standard,2022.71
1160,2024-06-08,south,active,premium,2818.52
1161,2024-09-26,west,churned,enterprise,1020.69
1162,2025-06-15,south,active,standard,1367.97
1163,2024-05-30,midwest,churned,enterprise,493.49
1164,2025-10-07,west,inactive,premium,1774.12
1165,2023-10-19,midwest,churned,enterprise,169.82
1166,2023-09-17,south,inactive,enterprise,4116.84
1167,2024-06-24,south,inactive,standard,4624.86
1168,2023-04-24,south,churned,premium,822.16
1169,2022-06-25,northeast,churned,standard,1253.09
1170,2025-06-25,south,inactive,standard,1749.19
1171,2022-08-16,midwest,inactive,premium,162.6
1172,2023-03-05,south,active,enterprise,2640.17
1173,2023-06-14,west,churned,enterprise,4961.9
1174,2025-11-24,northeast,inactive,enterprise,4534.9
1175,2024-12-14,northeast,inactive,standard,347.54
1176,2023-02-16,midwest,active,premium,3291.05
1177,2022-01-18,northeast,inactive,enterprise,1392.99
1178,2025-09-13,midwest,active,standard,1497.85
1179,2025-08-22,west,active,premium,2567.27
1180,2025-12-24,northeast,inactive,premium,4340.53
1181,2024-12-24,northeast,active,standard,2528.22
1182,2024-07-26,northeast,active,standard,4615.24
1183,2023-09-17,midwest,inactive,premium,3734.73
1184,2022-02-07,midwest,churned,premium,1809.12
1185,2023-09-12,south,churned,premium,4068.87
1186,2025-07-05,midwest,inactive,standard,4723.48
1187,2023-07-28,south,active,premium,4491.02
1188,2025-09-07,south,active,enterprise,1941.93
1189,2025-10-20,south,inactive,standard,2885.85
1190,2024-05-23,midwest,churned,premium,2273.39
1191,2022-09-27,south,churned,standard,2926.1
1192,2025-11-01,south,active,premium,3458.23
1193,2024-12-08,south,inactive,standard,3298.35
1194,2025-03-02,south,inactive,standard,2808.83
1195,2022-08-31,south,inactive,standard,3649.04
1196,2023-10-15,west,inactive,premium,2242.87
1197,2025-07-28,midwest,active,standard,578.52
1198,2023-01-14,northeast,churned,enterprise,1370.97
1199,2025-03-07,south,churned,standard,1193.02
1200,2022-02-23,midwest,active,enterprise,3910.14
1201,2022-10-02,west,churned,enterprise,1901.1
1202,2024-03-04,west,inactive,standard,860.74
1203,2023-04-09,northeast,inactive,standard,4630.9
1204,2024-04-25,south,churned,enterprise,4941.8
1205,2023-02-23,northeast,active,premium,4342.29
1206,2024-09-30,midwest,inactive,standard,2166.4
1207,2022-03-27,west,churned,premium,2001.05
1208,2025-03-17,northeast,churned,standard,2285.47
1209,2022-03-28,south,churned,enterprise,2008.28
1210,2022-03-22,west,churned,enterprise,4814.83
1211,2023-01-24,midwest,inactive,premium,4427.77
1212,2023-08-09,west,active,premium,1507.38
1213,2022-04-22,south,inactive,enterprise,2285.91
1214,2024-10-22,northeast,active,enterprise,4692.32
1215,2025-11-26,south,inactive,premium,1651.13
1216,2022-02-21,south,inactive,enterprise,4488.26
1217,2023-02-18,west,active,premium,1654.17
1218,2025-08-21,south,churned,enterprise,661.54
1219,2022-08-22,west,churned,premium,472.27
1220,2025-12-19,west,churned,enterprise,3079.76
1221,2022-11-24,west,churned,premium,267.34
1222,2022-12-16,midwest,churned,enterprise,4320.23
1223,2022-11-29,south,active,enterprise,303.99
1224,2023-09-23,midwest,churned,premium,1479.46
1225,2023-01-06,northeast,active,standard,67.49
1226,2023-06-03,northeast,inactive,premium,4284.28
1227,2025-01-18,northeast,churned,premium,1227.5
1228,2025-04-20,west,inactive,premium,2237.28
1229,2025-05-16,northeast,active,enterprise,1426.66
1230,2025-07-11,south,active,standard,783.87
1231,2025-08-30,midwest,active,standard,4276.45
1232,2025-09-28,midwest,inactive,standard,292.71
1233,2024-05-03,south,active,enterprise,1457.68
1234,2025-09-15,south,inactive,enterprise,2915.88
1235,2022-03-15,northeast,inactive,premium,1874.42
1236,2024-02-16,northeast,inactive,enterprise,371.38
1237,2024-08-22,south,active,enterprise,4304.07
1238,2023-11-06,west,churned,standard,3494.36
1239,2025-06-07,northeast,active,enterprise,3662.16
1240,2025-07-12,northeast,inactive,enterprise,3458.84
1241,2025-12-18,midwest,inactive,enterprise,4246.6
1242,2023-06-16,midwest,active,enterprise,2835.04
1243,2024-11-30,west,inactive,standard,4424.14
1244,2023-04-22,midwest,active,standard,635.13
1245,2024-08-10,northeast,churned,standard,4007.84
1246,2024-04-29,west,active,premium,1780.77
1247,2025-07-29,south,active,enterprise,1045.88
1248,2023-07-31,midwest,active,premium,1536.41
1249,2025-01-31,midwest,active,standard,3444.89
1250,2023-12-01,west,churned,enterprise,3099.17
1251,2022-03-01,south,active,premium,4177.44
1252,2025-10-09,west,inactive,standard,3245.98
1253,2024-09-13,south,churned,premium,4465.69
1254,2025-01-04,midwest,inactive,premium,4642.56
1255,2022-04-25,midwest,churned,enterprise,3407.08
1256,2025-02-11,northeast,active,enterprise,3443.19
1257,2023-12-26,northeast,active,premium,4211.66
1258,2023-11-26,west,churned,enterprise,4219.91
1259,2025-03-15,west,active,enterprise,628.38
1260,2023-09-24,midwest,churned,standard,1393.91
1261,2022-06-27,west,active,premium,2286.94
1262,2023-09-12,south,churned,premium,916.31
1263,2024-02-06,northeast,active,standard,2246.68
1264,2022-02-21,west,churned,standard,991.55
1265,2024-09-17,midwest,inactive,standard,3858.93
1266,2022-07-21,south,active,enterprise,230.94
1267,2024-03-04,northeast,active,premium,4665.07
1268,2025-11-08,northeast,inactive,premium,4451.47
1269,2022-07-31,midwest,active,enterprise,3804.54
1270,2025-08-01,south,inactive,standard,1003.1
1271,2023-07-21,midwest,inactive,enterprise,632.37
1272,2022-11-02,south,inactive,standard,125.52
1273,2025-06-29,northeast,active,enterprise,1784.07
1274,2023-10-15,midwest,active,enterprise,4029.81
1275,2025-03-21,south,active,standard,1591.32
1276,2023-11-25,west,active,standard,193.51
1277,2025-10-15,northeast,active,premium,316.31
1278,2024-05-23,west,active,enterprise,3000.8
1279,2025-04-28,west,churned,premium,1596.58
1280,2023-02-10,northeast,inactive,enterprise,702.39
1281,2025-12-01,west,active,premium,1586.44
1282,2025-08-12,west,inactive,standard,4739.87
1283,2022-10-22,midwest,inactive,premium,957.6
1284,2025-09-24,midwest,inactive,premium,2463.16
1285,2022-05-14,west,active,premium,2419.33
1286,2022-12-16,midwest,inactive,enterprise,2894.66
1287,2024-11-06,northeast,inactive,enterprise,3993.95
1288,2023-10-30,northeast,inactive,enterprise,2331.83
1289,2025-04-24,west,active,enterprise,1256.27
1290,2022-11-22,west,inactive,standard,1736.54
1291,2025-11-22,west,inactive,enterprise,3947.27
1292,2025-01-20,south,active,enterprise,3364.55
1293,2025-12-28,west,active,enterprise,3000.57
1294,2023-10-29,northeast,inactive,standard,1574.78
1295,2024-04-11,northeast,churned,standard,3443.27
1296,2025-05-06,west,inactive,premium,3242.7
1297,2022-05-06,northeast,active,standard,4441.94
1298,2025-07-26,northeast,active,enterprise,788.62
1299,2024-12-24,midwest,inactive,enterprise,2910.76
1300,2023-02-05,south,churned,premium,1533.69
1301,2025-10-23,midwest,inactive,enterprise,4913.77
1302,2023-12-07,northeast,churned,standard,3076.88
1303,2024-11-11,west,active,premium,358.93
1304,2025-01-29,northeast,active,enterprise,2822.15
1305,2024-01-06,northeast,inactive,standard,1214.44
1306,2025-12-09,west,churned,premium,3573.28
1307,2024-04-11,west,inactive,enterprise,1095.52
1308,2022-12-22,west,active,standard,2799.34
1309,2024-01-08,west,active,premium,4987.41
1310,2025-10-04,south,active,standard,405.14
1311,2022-02-02,south,churned,premium,3306.74
1312,2022-10-06,northeast,active,enterprise,4039.41
1313,2024-07-22,west,churned,standard,2299.25
1314,2024-05-18,west,inactive,premium,1167.42
1315,2024-05-19,northeast,churned,premium,4241.68
1316,2023-04-30,midwest,inactive,enterprise,2902.94
1317,2022-03-10,northeast,churned,premium,3539.17
1318,2022-08-20,west,churned,standard,753.33
1319,2024-12-14,midwest,inactive,enterprise,437.26
1320,2025-06-03,northeast,active,premium,3171.78
1321,2025-09-21,northeast,churned,enterprise,2719.03
1322,2025-04-02,midwest,churned,standard,4522.75
1323,2024-12-31,northeast,inactive,premium,2587.68
1324,2024-08-18,midwest,inactive,premium,4804.88
1325,2023-08-27,midwest,active,standard,3490.5
1326,2025-05-08,midwest,churned,enterprise,1339.19
1327,2025-07-12,west,churned,standard,2885.66
1328,2025-09-06,midwest,churned,enterprise,185.13
1329,2024-09-19,northeast,active,enterprise,430.47
1330,2023-07-24,midwest,active,enterprise,1440.81
1331,2023-06-11,northeast,churned,standard,3038.92
1332,2025-04-26,south,churned,premium,1880.35
1333,2022-12-26,midwest,churned,standard,2450.35
1334,2024-12-16,northeast,inactive,standard,4838.36
1335,2025-05-04,south,inactive,premium,3863.32
1336,2023-05-03,west,churned,enterprise,878.05
1337,2025-03-29,midwest,active,enterprise,1358.76
1338,2022-08-26,northeast,active,premium,2023.79
1339,2023-09-10,west,churned,enterprise,1206.62
1340,2025-10-31,west,inactive,premium,768.49
1341,2024-06-09,northeast,inactive,premium,1940.92
1342,2023-10-09,northeast,active,enterprise,3205.25
1343,2024-06-03,midwest,inactive,premium,1372.08
1344,2022-07-21,midwest,churned,enterprise,1986.21
1345,2025-10-14,south,churned,enterprise,2964.19
1346,2023-02-04,midwest,churned,enterprise,4966.41
1347,2023-10-04,northeast,churned,standard,4166.86
1348,2022-01-25,west,active,enterprise,564.34
1349,2024-07-02,midwest,active,enterprise,1452.32
1350,2023-01-31,northeast,active,enterprise,505.11
1351,2025-05-01,south,churned,enterprise,652.86
1352,2022-09-03,northeast,churned,standard,1910.99
1353,2025-08-19,south,active,enterprise,962.1
1354,2023-08-27,west,churned,standard,3211.96
1355,2023-07-21,west,churned,enterprise,3860.91
1356,2023-10-25,midwest,active,standard,1422.57
1357,2022-05-08,west,inactive,premium,4979.99
1358,2023-06-13,midwest,active,premium,393.52
1359,2023-02-15,west,active,enterprise,2485.68
1360,2022-10-22,west,active,enterprise,3234.52
1361,2024-06-23,midwest,active,standard,410.95
1362,2025-03-16,midwest,inactive,standard,4487.74
1363,2022-11-01,northeast,active,enterprise,1982.89
1364,2022-11-07,midwest,inactive,enterprise,68.33
1365,2025-12-20,west,inactive,premium,2049.37
1366,2022-05-24,south,active,premium,4773.07
1367,2024-09-14,northeast,churned,enterprise,4678.46
1368,2024-01-06,midwest,churned,premium,2033.04
1369,2025-07-18,northeast,inactive,enterprise,4274.04
1370,2023-11-28,northeast,inactive,premium,3256.57
1371,2022-12-28,northeast,inactive,enterprise,995.47
1372,2025-11-26,west,active,enterprise,3459.77
1373,2024-09-23,northeast,churned,premium,3689.85
1374,2022-10-14,northeast,active,standard,3612.71
1375,2025-04-29,south,inactive,premium,361.81
1376,2025-01-12,midwest,inactive,enterprise,4826.52
1377,2024-07-09,northeast,active,premium,327.47
1378,2022-03-29,west,active,standard,4045.16
1379,2025-09-28,west,churned,enterprise,787.32
1380,2025-04-01,south,active,standard,3690.53
1381,2024-09-28,northeast,inactive,enterprise,276.72
1382,2025-12-07,south,active,standard,3181.67
1383,2023-09-22,northeast,inactive,enterprise,894.91
1384,2025-04-25,northeast,active,standard,2510.86
1385,2025-06-14,south,active,standard,2159.75
1386,2025-10-21,west,inactive,standard,4880.47
1387,2025-03-25,south,inactive,standard,3832.93
1388,2025-04-29,south,inactive,standard,647.69
1389,2022-10-17,west,active,enterprise,1881.14
1390,2022-12-04,west,active,enterprise,251.46
1391,2022-07-24,west,active,standard,4404.15
1392,2022-06-15,northeast,active,standard,4634.38
1393,2025-12-18,midwest,inactive,enterprise,4046.69
1394,2024-09-01,south,active,standard,3217.14
1395,2024-12-07,west,inactive,standard,4693.54
1396,2025-06-04,northeast,churned,standard,3600.13
1397,2025-06-07,northeast,churned,premium,1771.88
1398,2022-01-10,south,active,standard,4933.69
1399,2022-07-15,midwest,churned,enterprise,1135.42
1400,2025-07-06,south,inactive,standard,1008.91
1401,2022-11-02,west,inactive,standard,840.81
1402,2022-03-30,northeast,churned,premium,1461.07
1403,2024-06-09,midwest,inactive,enterprise,4035.51
1404,2024-07-17,northeast,active,enterprise,309.66
1405,2025-01-05,south,active,standard,2451.05
1406,2022-08-26,northeast,active,enterprise,2251.86
1407,2025-04-02,midwest,inactive,standard,3748.08
1408,2023-10-30,south,active,premium,1177.52
1409,2023-05-01,west,active,premium,4462.26
1410,2022-05-31,west,churned,premium,318.98
1411,2024-06-11,south,active,enterprise,2302.2
1412,2024-03-04,midwest,active,premium,3613.12
1413,2025-07-18,midwest,inactive,standard,1712.66
1414,2022-03-07,northeast,inactive,standard,599.99
1415,2024-08-11,west,inactive,standard,3813.68
1416,2023-03-27,midwest,churned,standard,3958.26
1417,2025-07-30,south,churned,enterprise,4282.27
1418,2022-06-27,west,churned,premium,4317.89
1419,2023-03-20,west,inactive,premium,121.79
1420,2024-05-26,south,active,premium,2199.53
1421,2023-04-01,south,churned,standard,2117.97
1422,2022-04-01,northeast,inactive,enterprise,3854.6
1423,2022-03-10,west,churned,premium,2422.38
1424,2025-11-27,northeast,inactive,premium,1240.53
1425,2025-02-17,northeast,churned,enterprise,2062.76
1426,2023-03-23,south,inactive,premium,1233.36
1427,2022-07-05,northeast,inactive,enterprise,1558.94
1428,2025-12-11,west,churned,enterprise,2939.12
1429,2024-07-20,west,active,enterprise,2056.53
1430,2024-01-29,west,churned,enterprise,56.75
1431,2025-07-08,northeast,inactive,enterprise,1697.89
1432,2022-03-08,midwest,inactive,premium,3505.37
1433,2025-06-08,south,churned,standard,3121.25
1434,2023-11-19,northeast,churned,enterprise,1851.75
1435,2022-04-16,northeast,inactive,premium,2353.5
1436,2022-03-25,midwest,inactive,standard,3258.45
1437,2025-12-14,northeast,churned,enterprise,3879.2
1438,2022-10-11,midwest,active,enterprise,612.11
1439,2024-09-06,south,churned,standard,1636.3
1440,2023-07-02,west,inactive,standard,363.68
1441,2023-12-09,west,inactive,enterprise,2657.08
1442,2022-09-09,west,churned,enterprise,3407.63
1443,2024-12-27,midwest,inactive,enterprise,1872.32
1444,2025-10-10,northeast,active,premium,482.18
1445,2024-03-11,south,inactive,standard,591.36
1446,2023-07-20,northeast,churned,standard,2506.83
1447,2023-02-23,northeast,inactive,premium,4849.39
1448,2025-01-13,south,inactive,premium,2129.64
1449,2025-08-13,northeast,inactive,standard,361.6
1450,2023-04-21,midwest,inactive,enterprise,1746.82
1451,2025-08-16,midwest,inactive,enterprise,3345.98
1452,2024-12-21,west,inactive,premium,2857.9
1453,2023-09-20,south,inactive,standard,2447.0
1454,2023-08-14,northeast,active,premium,1457.69
1455,2022-12-07,south,churned,enterprise,1461.97
1456,2022-12-26,south,active,standard,628.74
1457,2023-10-11,south,inactive,premium,1879.88
1458,2023-02-25,northeast,churned,premium,4891.21
1459,2022-10-30,midwest,inactive,enterprise,4878.56
1460,2024-12-28,midwest,active,standard,2052.58
1461,2024-10-19,south,inactive,premium,822.46
1462,2025-01-23,midwest,churned,enterprise,1513.01
1463,2023-08-17,south,churned,enterprise,4539.06
1464,2024-06-24,midwest,churned,standard,3671.62
1465,2022-03-24,south,churned,enterprise,628.54
1466,2022-02-20,west,churned,standard,2257.56
1467,2022-07-09,midwest,active,enterprise,3224.5
1468,2025-04-09,south,inactive,standard,161.62
1469,2025-01-07,west,churned,enterprise,4790.24
1470,2024-11-14,west,active,premium,1622.9
1471,2025-05-24,northeast,churned,premium,2017.91
1472,2024-05-25,midwest,inactive,premium,110.34
1473,2023-12-08,midwest,inactive,premium,4377.79
1474,2022-06-29,south,churned,premium,3720.56
1475,2024-05-01,west,inactive,standard,4038.08
1476,2024-05-18,west,active,enterprise,3009.78
1477,2022-10-22,south,inactive,premium,4942.49
1478,2024-12-11,midwest,active,enterprise,3792.76
1479,2022-07-01,northeast,inactive,enterprise,4576.33
1480,2024-04-28,south,churned,premium,3565.72
1481,2022-10-08,south,active,premium,1482.84
1482,2024-10-01,northeast,inactive,enterprise,1554.38
1483,2025-02-19,west,active,standard,3966.54
1484,2022-11-12,midwest,inactive,enterprise,4179.5
1485,2024-08-25,northeast,churned,enterprise,4468.8
1486,2024-05-04,south,inactive,enterprise,3241.69
1487,2022-02-28,northeast,inactive,premium,4971.95
1488,2022-05-17,midwest,churned,premium,2849.59
1489,2023-06-13,west,churned,standard,1897.35
1490,2025-03-24,northeast,inactive,standard,2929.19
1491,2022-10-27,midwest,inactive,enterprise,720.71
1492,2022-12-01,northeast,inactive,premium,2126.59
1493,2023-12-31,northeast,inactive,premium,2671.58
1494,2022-06-07,south,churned,standard,3835.21
1495,2025-05-11,south,churned,premium,4368.59
1496,2025-11-03,midwest,inactive,enterprise,3504.94
1497,2024-01-13,northeast,churned,enterprise,1790.57
1498,2022-10-22,northeast,active,enterprise,1443.02
1499,2024-09-20,west,inactive,standard,556.97
1500,2022-11-13,south,active,enterprise,3086.47
1501,2024-12-12,northeast,inactive,premium,4584.35
1502,2022-08-27,south,active,premium,1773.64
1503,2025-11-16,midwest,active,premium,4454.15
1504,2025-05-08,midwest,active,enterprise,1558.19
1505,2022-08-31,south,active,enterprise,754.68
1506,2023-04-10,midwest,active,standard,694.58
1507,2022-06-10,west,churned,standard,434.79
1508,2024-09-18,west,active,standard,583.7
1509,2025-09-13,northeast,inactive,standard,4547.22
1510,2022-03-30,northeast,inactive,enterprise,100.85
1511,2022-07-17,northeast,churned,standard,2958.64
1512,2023-02-14,south,churned,premium,194.83
1513,2022-10-26,midwest,churned,premium,1793.41
1514,2024-10-22,south,churned,enterprise,388.27
1515,2025-03-30,northeast,churned,standard,3593.27
1516,2023-08-01,south,churned,standard,4869.22
1517,2022-07-22,south,churned,enterprise,2399.84
1518,2025-11-30,south,inactive,enterprise,4790.85
1519,2023-01-06,midwest,inactive,premium,1110.66
1520,2023-04-12,west,active,premium,661.9
1521,2022-08-14,south,inactive,premium,3538.42
1522,2025-02-15,northeast,active,premium,2493.88
1523,2024-02-28,midwest,inactive,enterprise,3694.06
1524,2025-11-08,west,active,enterprise,2066.05
1525,2024-05-26,south,active,premium,4698.46
1526,2024-01-23,south,active,enterprise,2483.66
1527,2022-08-04,west,inactive,enterprise,3309.81
1528,2022-06-24,northeast,active,premium,2033.09
1529,2025-04-24,northeast,churned,standard,370.32
1530,2023-02-12,midwest,active,enterprise,4227.95
1531,2024-04-07,northeast,active,premium,3639.74
1532,2023-07-25,midwest,churned,premium,1812.68
1533,2025-09-27,west,inactive,enterprise,1430.51
1534,2024-07-20,northeast,active,premium,2472.24
1535,2023-04-18,south,active,standard,3702.1
1536,2022-05-20,west,churned,standard,4861.76
1537,2024-02-23,midwest,active,premium,3128.74
1538,2022-07-17,northeast,churned,enterprise,3849.48
1539,2024-08-12,south,inactive,enterprise,2514.6
1540,2024-10-30,midwest,churned,premium,4056.93
1541,2025-01-12,northeast,active,premium,4406.62
1542,2022-09-01,west,inactive,premium,4271.73
1543,2024-06-25,west,active,standard,925.5
1544,2025-09-12,midwest,churned,standard,2482.82
1545,2022-10-03,midwest,churned,premium,2462.9
1546,2022-08-13,west,churned,enterprise,3442.6
1547,2025-03-17,west,inactive,enterprise,4279.04
1548,2024-11-03,northeast,inactive,premium,2498.72
1549,2024-02-13,midwest,inactive,premium,354.05
1550,2025-04-24,northeast,active,premium,1776.94
1551,2025-04-10,northeast,churned,premium,1933.84
1552,2024-05-26,midwest,inactive,premium,1788.78
1553,2025-09-16,south,active,standard,3258.01
1554,2025-04-28,northeast,churned,standard,4351.25
1555,2022-08-23,midwest,active,standard,2715.16
1556,2022-03-18,west,churned,premium,2861.84
1557,2024-05-12,midwest,active,enterprise,2375.01
1558,2022-02-15,midwest,inactive,enterprise,1981.99
1559,2025-03-18,northeast,inactive,standard,3469.78
1560,2023-02-26,midwest,inactive,enterprise,4066.71
1561,2025-09-28,midwest,active,enterprise,1532.63
1562,2024-06-11,south,inactive,enterprise,4244.3
1563,2022-06-04,south,inactive,premium,285.28
1564,2025-03-20,west,active,enterprise,3727.3
1565,2022-07-08,northeast,churned,premium,1403.16
1566,2025-03-06,west,inactive,standard,1769.22
1567,2022-06-07,midwest,churned,premium,2192.91
1568,2025-01-10,midwest,active,premium,2041.39
1569,2025-07-03,west,churned,enterprise,943.97
1570,2022-02-08,south,churned,premium,1104.12
1571,2024-08-15,midwest,churned,enterprise,4054.22
1572,2024-06-07,northeast,churned,standard,1853.16
1573,2022-10-30,south,active,enterprise,3442.27
1574,2023-09-07,west,inactive,premium,4307.92
1575,2022-05-12,south,inactive,premium,4127.37
1576,2025-08-16,south,inactive,enterprise,3026.1
1577,2024-04-11,south,active,standard,999.98
1578,2023-05-18,midwest,inactive,premium,2821.13
1579,2024-06-12,west,churned,standard,1049.85
1580,2023-07-13,south,active,premium,3958.87
1581,2023-07-23,south,churned,standard,4820.75
1582,2024-09-22,northeast,active,standard,1603.83
1583,2023-09-03,northeast,inactive,premium,3374.78
1584,2022-07-04,west,churned,standard,1218.4
1585,2025-03-15,northeast,churned,enterprise,4153.46
1586,2024-12-11,midwest,inactive,standard,1228.48
1587,2022-09-08,midwest,inactive,enterprise,3699.32
1588,2023-04-29,west,active,standard,578.73
1589,2023-03-15,midwest,inactive,premium,1308.81
1590,2025-04-22,northeast,inactive,enterprise,1904.79
1591,2022-08-20,midwest,churned,premium,2400.53
1592,2023-05-20,midwest,active,premium,2402.35
1593,2024-01-24,midwest,active,enterprise,4835.69
1594,2025-05-25,northeast,churned,enterprise,4004.76
1595,2022-04-22,south,inactive,enterprise,1954.22
1596,2025-08-01,midwest,churned,standard,2697.81
1597,2023-04-30,west,inactive,standard,4553.46
1598,2024-03-15,midwest,inactive,standard,4684.8
1599,2023-04-28,midwest,active,standard,4583.66
1600,2025-07-17,midwest,churned,premium,3957.12
1601,2023-07-16,northeast,inactive,premium,3697.86
1602,2023-11-13,west,active,standard,3507.49
1603,2024-11-02,northeast,inactive,premium,3030.47
1604,2025-01-26,midwest,inactive,enterprise,185.39
1605,2022-04-17,south,churned,premium,3965.55
1606,2022-10-06,northeast,inactive,standard,3160.07
1607,2023-10-05,northeast,active,standard,1285.54
1608,2025-08-22,south,churned,enterprise,2081.07
1609,2023-10-17,west,inactive,enterprise,710.87
1610,2022-12-22,midwest,inactive,standard,467.77
1611,2024-01-23,south,inactive,premium,4726.55
1612,2025-03-14,south,active,standard,4619.41
1613,2025-08-18,south,active,premium,1031.42
1614,2025-12-07,south,active,premium,3109.12
1615,2025-05-14,midwest,active,standard,4792.26
1616,2022-12-15,northeast,active,enterprise,2652.9
1617,2024-07-18,west,active,standard,3582.14
1618,2023-01-26,midwest,inactive,enterprise,2496.13
1619,2022-09-24,west,active,enterprise,1117.05
1620,2023-08-03,south,inactive,standard,2072.19
1621,2022-10-26,northeast,inactive,premium,1215.65
1622,2024-07-12,south,inactive,enterprise,3437.12
1623,2024-07-27,northeast,active,premium,709.36
1624,2023-10-25,west,churned,standard,3581.01
1625,2025-12-21,west,churned,enterprise,1318.32
1626,2022-07-15,northeast,active,premium,4658.77
1627,2024-08-22,midwest,churned,enterprise,4837.69
1628,2025-05-10,northeast,active,premium,2547.48
1629,2024-02-20,midwest,inactive,enterprise,1885.96
1630,2025-02-19,northeast,churned,standard,1338.44
1631,2024-10-28,west,inactive,premium,703.0
1632,2023-10-12,west,active,premium,628.37
1633,2022-04-01,south,inactive,premium,3751.73
1634,2024-05-30,midwest,inactive,enterprise,4156.47
1635,2023-06-25,midwest,inactive,standard,1611.94
1636,2024-10-03,south,churned,enterprise,3201.43
1637,2024-06-20,northeast,active,standard,320.11
1638,2023-01-11,northeast,inactive,premium,859.6
1639,2024-08-14,west,active,premium,251.92
1640,2024-01-01,west,inactive,premium,606.83
1641,2022-10-31,northeast,inactive,standard,1058.48
1642,2023-08-05,south,active,enterprise,2568.25
1643,2023-07-13,south,churned,standard,2653.78
1644,2025-03-14,south,inactive,standard,1268.48
1645,2024-10-17,northeast,inactive,standard,1457.19
1646,2025-10-25,northeast,inactive,premium,2972.18
1647,2022-08-06,midwest,active,standard,451.26
1648,2025-12-20,west,inactive,enterprise,4778.25
1649,2025-05-01,northeast,inactive,standard,3298.06
1650,2024-07-16,midwest,churned,enterprise,4539.05
1651,2025-03-11,south,active,standard,4017.71
1652,2023-08-03,midwest,active,enterprise,400.08
1653,2025-05-18,west,active,premium,1313.06
1654,2023-05-07,west,active,standard,4269.11
1655,2022-11-30,west,inactive,premium,3253.48
1656,2025-09-01,south,active,premium,2479.68
1657,2024-06-04,midwest,churned,enterprise,699.87
1658,2025-09-24,northeast,inactive,enterprise,1039.36
1659,2024-07-01,west,inactive,premium,2837.13
1660,2024-05-16,northeast,inactive,premium,3088.65
1661,2024-06-08,west,active,standard,2591.04
1662,2024-08-07,south,churned,enterprise,3582.5
1663,2024-10-11,northeast,inactive,premium,2214.91
1664,2024-09-05,midwest,active,standard,3437.35
1665,2023-09-08,south,churned,premium,1512.63
1666,2022-04-08,northeast,active,enterprise,582.78
1667,2024-05-20,west,active,premium,3321.23
1668,2025-03-10,midwest,inactive,premium,2948.56
1669,2024-10-28,northeast,active,enterprise,3324.81
1670,2023-01-03,south,inactive,standard,462.29
1671,2025-12-13,midwest,inactive,enterprise,3634.27
1672,2025-10-04,west,churned,premium,1739.61
1673,2023-01-19,south,active,standard,3747.8
1674,2025-05-22,midwest,churned,standard,2197.3
1675,2022-02-06,northeast,inactive,standard,115.86
1676,2025-09-05,west,inactive,enterprise,2055.2
1677,2025-09-09,west,inactive,enterprise,4075.01
1678,2025-06-17,midwest,churned,enterprise,4817.55
1679,2025-10-14,west,inactive,standard,669.19
1680,2022-01-29,south,active,standard,3495.36
1681,2023-01-21,northeast,active,premium,3260.68
1682,2025-08-23,south,inactive,enterprise,4298.04
1683,2025-01-08,south,active,premium,3860.12
1684,2022-10-31,west,inactive,standard,626.47
1685,2022-11-09,west,inactive,premium,147.16
1686,2024-07-09,south,active,premium,2868.68
1687,2024-03-13,northeast,inactive,standard,558.18
1688,2024-06-03,west,inactive,enterprise,2914.37
1689,2025-02-09,midwest,active,premium,2028.42
1690,2024-11-17,west,active,enterprise,350.49
1691,2022-02-08,west,churned,premium,2788.62
1692,2023-07-03,west,inactive,standard,2499.2
1693,2025-08-16,midwest,inactive,enterprise,2209.34
1694,2022-11-27,midwest,churned,standard,2372.74
1695,2024-06-16,south,churned,standard,2958.91
1696,2025-11-03,midwest,churned,enterprise,3301.94
1697,2022-09-26,midwest,churned,enterprise,1982.34
1698,2024-05-03,midwest,inactive,standard,3128.12
1699,2023-08-02,northeast,churned,premium,689.03
1700,2023-02-13,south,churned,premium,549.47
1701,2024-05-01,west,inactive,standard,1086.69
1702,2022-04-07,northeast,inactive,premium,1817.37
1703,2022-11-21,south,churned,standard,4043.74
1704,2023-11-23,west,active,enterprise,1172.12
1705,2025-02-24,south,inactive,premium,4968.63
1706,2023-12-29,northeast,churned,premium,4486.77
1707,2025-11-14,northeast,churned,standard,4636.83
1708,2024-06-15,west,active,standard,3919.18
1709,2025-06-02,northeast,churned,standard,2561.16
1710,2022-12-09,northeast,active,premium,827.31
1711,2023-08-22,west,churned,premium,3676.13
1712,2022-07-23,south,churned,premium,1706.31
1713,2022-10-10,northeast,active,premium,4849.7
1714,2022-01-14,south,inactive,premium,1469.45
1715,2022-12-17,northeast,inactive,premium,3590.24
1716,2024-04-29,midwest,churned,enterprise,1264.98
1717,2024-12-20,west,active,standard,4018.75
1718,2024-04-26,west,inactive,enterprise,3983.31
1719,2024-01-11,northeast,inactive,standard,3862.25
1720,2024-11-25,northeast,active,premium,1608.28
1721,2022-12-03,west,active,premium,3808.0
1722,2025-09-14,south,churned,standard,4889.78
1723,2025-09-14,midwest,inactive,premium,4434.63
1724,2025-12-06,midwest,churned,enterprise,1602.79
1725,2023-12-06,northeast,inactive,enterprise,3071.49
1726,2022-10-28,west,inactive,enterprise,1065.41
1727,2025-01-19,west,churned,premium,4443.99
1728,2025-08-21,west,active,premium,467.19
1729,2025-01-05,midwest,inactive,enterprise,3608.46
1730,2022-09-16,midwest,active,standard,2582.77
1731,2023-10-02,midwest,churned,standard,165.94
1732,2025-01-10,midwest,active,premium,3646.22
1733,2024-10-31,northeast,churned,standard,4215.84
1734,2023-06-16,midwest,active,standard,3794.97
1735,2022-09-13,west,inactive,enterprise,3697.45
1736,2024-07-17,midwest,active,enterprise,4945.55
1737,2025-03-04,south,inactive,premium,1458.45
1738,2025-03-19,south,churned,premium,2622.35
1739,2023-05-23,northeast,inactive,enterprise,2932.73
1740,2024-01-10,west,active,standard,3572.62
1741,2024-04-23,northeast,active,standard,2153.19
1742,2022-09-24,west,active,premium,436.46
1743,2025-10-18,west,churned,enterprise,2618.78
1744,2024-03-19,midwest,churned,premium,3200.48
1745,2024-06-20,west,churned,premium,4127.87
1746,2022-10-23,south,inactive,enterprise,2315.68
1747,2025-12-13,northeast,churned,standard,2304.39
1748,2022-03-08,south,churned,premium,4612.4
1749,2022-09-01,west,active,standard,1879.45
1750,2023-08-17,northeast,churned,standard,632.82
1751,2023-09-17,midwest,inactive,premium,2455.33
1752,2022-10-20,south,churned,premium,290.82
1753,2023-09-17,midwest,active,standard,4104.67
1754,2024-09-28,northeast,active,enterprise,1775.81
1755,2022-04-02,west,inactive,enterprise,1583.02
1756,2024-07-15,midwest,inactive,premium,4180.58
1757,2025-05-25,south,active,enterprise,3200.48
1758,2024-07-10,west,active,enterprise,1659.82
1759,2025-07-03,west,inactive,standard,4506.21
1760,2023-11-26,northeast,churned,premium,3692.77
1761,2025-08-15,northeast,active,enterprise,172.78
1762,2025-07-14,midwest,churned,enterprise,662.72
1763,2025-02-19,northeast,active,enterprise,2732.08
1764,2022-04-19,south,inactive,enterprise,4489.48
1765,2022-09-04,south,active,premium,3944.45
1766,2023-05-18,west,active,enterprise,3053.93
1767,2024-04-02,northeast,inactive,standard,1732.78
1768,2023-01-05,west,active,enterprise,1621.04
1769,2023-06-11,northeast,active,standard,2731.81
1770,2023-08-08,south,active,premium,3853.11
1771,2022-11-12,midwest,inactive,enterprise,887.5
1772,2025-06-12,midwest,active,standard,3580.84
1773,2023-09-03,west,active,premium,755.18
1774,2023-10-26,midwest,inactive,standard,306.8
1775,2023-05-06,south,inactive,enterprise,3774.33
1776,2024-02-28,northeast,inactive,standard,1625.77
1777,2025-02-06,west,active,premium,193.09
1778,2025-07-21,south,active,premium,2792.67
1779,2025-04-15,northeast,active,enterprise,3275.18
1780,2022-09-15,midwest,churned,premium,2257.61
1781,2025-07-26,south,active,premium,2725.18
1782,2022-12-11,south,churned,premium,4808.69
1783,2025-02-10,west,active,standard,4072.59
1784,2025-06-25,midwest,churned,standard,52.69
1785,2024-09-14,midwest,churned,premium,4205.46
1786,2024-02-18,midwest,churned,standard,2946.54
1787,2024-11-11,midwest,active,standard,3708.96
1788,2025-02-27,northeast,inactive,standard,2006.76
1789,2022-09-09,south,churned,enterprise,4994.17
1790,2024-06-03,south,churned,enterprise,4789.22
1791,2023-10-14,midwest,churned,premium,4899.22
1792,2025-12-20,west,inactive,standard,3328.27
1793,2023-10-21,midwest,active,premium,4797.01
1794,2023-11-04,northeast,churned,standard,3249.89
1795,2022-01-05,west,active,standard,3379.9
1796,2024-04-26,west,inactive,enterprise,451.69
1797,2025-08-22,northeast,churned,standard,4468.23
1798,2025-10-07,west,churned,standard,1797.32
1799,2024-02-10,midwest,inactive,standard,4203.77
1800,2025-11-28,northeast,active,premium,1883.88
1801,2023-01-31,west,active,standard,3728.57
1802,2023-07-30,midwest,active,standard,4090.59
1803,2025-07-04,midwest,churned,standard,1209.58
1804,2024-10-08,midwest,active,premium,2489.55
1805,2025-12-12,south,active,standard,4922.1
1806,2025-07-31,west,active,premium,2867.06
1807,2024-10-08,south,churned,standard,3316.2
1808,2025-03-04,south,active,enterprise,684.82
1809,2022-05-14,south,inactive,enterprise,4284.62
1810,2024-12-07,midwest,active,enterprise,164.43
1811,2025-11-20,midwest,churned,enterprise,4421.35
1812,2022-01-05,west,churned,enterprise,4718.22
1813,2022-04-17,midwest,inactive,premium,1406.48
1814,2025-10-24,west,inactive,premium,2610.42
1815,2022-03-31,south,active,premium,4596.04
1816,2024-12-26,west,inactive,standard,1989.7
1817,2023-11-17,northeast,churned,standard,4951.81
1818,2023-04-08,west,active,standard,1024.54
1819,2023-11-06,midwest,active,enterprise,3145.21
1820,2022-02-27,west,inactive,standard,2983.03
1821,2025-07-06,midwest,inactive,standard,583.81
1822,2023-05-04,midwest,active,premium,2622.39
1823,2023-04-30,northeast,churned,enterprise,2220.72
1824,2022-07-15,west,churned,standard,473.4
1825,2022-05-05,northeast,inactive,premium,4455.91
1826,2025-11-21,northeast,active,standard,4599.62
1827,2024-06-24,northeast,inactive,enterprise,3149.62
1828,2022-05-15,northeast,churned,standard,2818.33
1829,2023-08-27,west,inactive,standard,3105.64
1830,2024-04-21,south,churned,enterprise,3138.84
1831,2024-07-17,west,inactive,premium,4405.69
1832,2025-06-22,northeast,inactive,enterprise,4691.05
1833,2022-02-23,west,churned,premium,2959.68
1834,2022-08-10,northeast,active,enterprise,3580.83
1835,2025-04-29,south,churned,standard,3204.95
1836,2023-06-09,midwest,inactive,premium,3636.88
1837,2024-06-29,south,active,standard,3995.28
1838,2022-05-04,south,inactive,enterprise,2207.45
1839,2025-08-27,midwest,inactive,enterprise,4431.85
1840,2022-10-26,south,inactive,premium,3036.48
1841,2023-08-20,midwest,active,enterprise,2952.88
1842,2025-10-21,south,active,standard,2560.18
1843,2025-02-19,northeast,inactive,premium,1017.27
1844,2023-02-15,south,active,premium,987.31
1845,2024-09-01,west,churned,enterprise,1689.17
1846,2025-03-30,midwest,churned,premium,2122.54
1847,2022-11-29,northeast,inactive,standard,2504.86
1848,2022-01-08,south,churned,standard,2359.36
1849,2023-03-13,south,inactive,enterprise,3853.32
1850,2023-11-10,west,active,premium,962.01
1851,2022-01-14,midwest,active,standard,1821.54
1852,2025-02-10,northeast,active,premium,2230.02
1853,2025-07-16,midwest,active,standard,1035.66
1854,2023-08-05,south,active,premium,3608.24
1855,2023-11-27,south,active,standard,156.39
1856,2023-06-21,northeast,active,enterprise,729.36
1857,2025-09-03,northeast,inactive,standard,1560.11
1858,2023-05-07,midwest,inactive,enterprise,898.23
1859,2024-12-15,west,churned,standard,636.54
1860,2022-09-25,south,active,enterprise,1922.07
1861,2024-02-06,midwest,churned,premium,4886.06
1862,2023-05-16,northeast,churned,enterprise,986.06
1863,2025-01-01,midwest,active,premium,1273.5
1864,2025-07-13,midwest,active,enterprise,4843.5
1865,2024-09-28,south,churned,standard,3934.09
1866,2025-09-20,northeast,active,enterprise,1971.17
1867,2025-08-14,midwest,inactive,enterprise,2348.12
1868,2023-10-22,midwest,churned,enterprise,2442.32
1869,2024-10-10,west,inactive,enterprise,2034.68
1870,2025-04-10,northeast,active,standard,4479.68
1871,2024-07-14,south,inactive,standard,1564.7
1872,2024-02-12,south,inactive,premium,2775.23
1873,2022-10-03,northeast,inactive,premium,2618.16
1874,2023-04-17,northeast,inactive,enterprise,3124.57
1875,2024-05-22,west,inactive,premium,2074.32
1876,2024-10-15,midwest,inactive,premium,172.36
1877,2024-06-23,south,inactive,enterprise,425.65
1878,2022-06-18,midwest,churned,enterprise,2755.93
1879,2022-06-10,midwest,active,standard,637.01
1880,2024-01-08,northeast,churned,standard,1702.1
1881,2025-10-14,midwest,inactive,premium,3738.8
1882,2025-10-31,midwest,active,enterprise,3039.97
1883,2022-10-10,midwest,active,premium,1445.13
1884,2023-12-11,west,inactive,enterprise,3801.14
1885,2022-01-25,west,churned,enterprise,4946.91
1886,2022-11-02,west,active,standard,3630.51
1887,2023-03-06,west,active,enterprise,2955.67
1888,2025-02-05,west,churned,premium,1736.26
1889,2022-06-25,midwest,active,premium,3862.15
1890,2025-11-30,west,active,premium,2277.36
1891,2025-02-17,northeast,inactive,standard,2908.67
1892,2022-09-20,midwest,churned,standard,2524.01
1893,2025-09-11,midwest,inactive,standard,2124.78
1894,2025-11-05,west,churned,enterprise,1533.2
1895,2025-04-17,northeast,churned,standard,4614.61
1896,2022-11-11,midwest,churned,enterprise,4005.77
1897,2025-05-29,west,inactive,standard,4746.03
1898,2022-05-11,west,active,premium,587.76
1899,2025-03-12,west,churned,premium,511.55
1900,2022-08-02,south,active,enterprise,3036.65
1901,2022-02-24,south,active,standard,4561.16
1902,2024-03-01,midwest,active,standard,1490.97
1903,2024-12-09,northeast,inactive,standard,1874.83
1904,2022-01-23,south,inactive,premium,1985.97
1905,2022-08-15,south,churned,premium,2417.34
1906,2022-05-21,west,active,standard,4358.72
1907,2023-09-27,west,churned,enterprise,2400.16
1908,2025-05-21,midwest,churned,standard,2537.25
1909,2025-11-03,west,inactive,standard,86.84
1910,2022-10-20,west,active,premium,3044.0
1911,2023-05-21,midwest,churned,premium,2328.01
1912,2025-03-25,northeast,churned,standard,1475.16
1913,2024-07-23,midwest,churned,enterprise,3972.12
1914,2024-03-11,south,inactive,standard,938.91
1915,2025-06-19,west,inactive,premium,4558.62
1916,2023-01-11,northeast,inactive,enterprise,4731.15
1917,2023-05-06,south,inactive,enterprise,2711.8
1918,2025-09-27,northeast,churned,enterprise,3625.93
1919,2023-03-21,west,inactive,enterprise,650.09
1920,2024-01-26,northeast,active,enterprise,3844.37
1921,2023-10-30,west,inactive,standard,1301.19
1922,2024-11-02,northeast,inactive,standard,412.32
1923,2025-11-23,west,inactive,premium,3742.49
1924,2023-02-03,west,active,standard,1290.5
1925,2025-12-23,south,inactive,enterprise,3755.95
1926,2024-09-19,west,active,standard,2764.72
1927,2023-05-12,west,active,premium,4111.11
1928,2022-11-27,south,active,enterprise,547.55
1929,2023-08-26,northeast,churned,enterprise,1984.71
1930,2022-06-08,northeast,churned,premium,809.81
1931,2024-01-04,south,active,enterprise,220.5
1932,2025-10-14,south,inactive,enterprise,286.39
1933,2025-07-24,northeast,inactive,enterprise,1576.21
1934,2022-04-18,northeast,active,premium,3847.22
1935,2023-05-27,midwest,active,standard,502.36
1936,2024-05-13,northeast,active,premium,4111.61
1937,2025-10-24,northeast,active,standard,3994.77
1938,2025-09-22,south,churned,standard,267.86
1939,2024-11-15,northeast,inactive,premium,2832.17
1940,2023-01-24,south,churned,premium,4697.67
1941,2022-09-05,south,active,standard,1815.05
1942,2022-12-22,northeast,inactive,enterprise,1615.39
1943,2024-03-08,south,inactive,standard,376.78
1944,2023-07-25,midwest,active,standard,4433.03
1945,2024-04-21,midwest,churned,premium,4916.36
1946,2022-07-28,south,inactive,standard,3019.34
1947,2025-07-16,west,churned,enterprise,708.01
1948,2022-12-26,midwest,churned,premium,384.19
1949,2022-02-06,west,inactive,enterprise,3220.93
1950,2023-04-22,northeast,active,standard,3100.93
1951,2022-09-12,midwest,active,enterprise,2171.06
1952,2023-05-14,northeast,active,standard,1903.89
1953,2023-08-31,south,active,premium,1061.71
1954,2022-03-19,south,churned,enterprise,4943.33
1955,2024-06-27,midwest,active,premium,1621.82
1956,2022-03-23,west,churned,premium,3765.23
1957,2023-04-15,midwest,inactive,standard,1068.8
1958,2022-04-21,south,churned,enterprise,3611.54
1959,2025-05-30,west,churned,premium,958.55
1960,2025-07-13,northeast,active,premium,396.43
1961,2023-01-30,northeast,churned,standard,4694.46
1962,2022-09-15,northeast,active,enterprise,2766.79
1963,2023-02-23,south,churned,standard,2159.89
1964,2024-08-14,midwest,active,enterprise,1027.8
1965,2024-05-18,south,churned,standard,1550.35
1966,2025-03-26,west,churned,standard,1395.71
1967,2024-09-12,northeast,inactive,premium,1919.7
1968,2024-08-22,west,inactive,enterprise,3066.5
1969,2024-06-06,south,inactive,standard,3821.55
1970,2024-05-25,northeast,inactive,enterprise,2709.13
1971,2025-02-06,south,inactive,premium,2345.07
1972,2024-07-17,midwest,inactive,enterprise,3049.83
1973,2022-05-28,midwest,active,enterprise,2372.83
1974,2022-11-13,south,active,standard,4315.19
1975,2024-02-06,west,inactive,premium,4704.41
1976,2024-02-04,west,inactive,premium,3223.19
1977,2025-04-19,northeast,inactive,standard,4962.74
1978,2022-09-12,west,churned,standard,1011.43
1979,2024-06-12,midwest,churned,premium,2572.56
1980,2024-09-27,midwest,churned,standard,3271.99
1981,2024-05-18,south,active,premium,220.81
1982,2024-01-11,northeast,churned,enterprise,3244.4
1983,2023-06-20,west,churned,standard,1308.73
1984,2025-05-18,south,active,standard,3866.31
1985,2025-08-12,west,inactive,enterprise,2951.49
1986,2022-06-14,south,inactive,standard,4157.26
1987,2023-06-02,midwest,churned,enterprise,3309.51
1988,2024-02-23,midwest,churned,premium,3774.69
1989,2022-07-02,northeast,churned,enterprise,3894.62
1990,2023-12-07,south,inactive,enterprise,1087.15
1991,2024-03-26,midwest,active,standard,4091.13
1992,2022-01-04,northeast,active,enterprise,2118.31
1993,2024-05-03,midwest,churned,premium,894.64
1994,2024-02-07,south,churned,standard,1030.2
1995,2023-01-08,northeast,inactive,enterprise,4081.13
1996,2023-01-16,south,active,enterprise,954.51
1997,2023-01-28,midwest,inactive,premium,3152.85
1998,2025-07-02,northeast,churned,standard,445.06
1999,2022-06-25,west,active,premium,368.1
2000,2022-03-02,south,inactive,premium,3380.38
15,2024-01-18,south,inactive,premium,1087.06
16,2023-07-01,northeast,churned,enterprise,897.14
